{"0": [0.1909584397678381, 0.14470447533113595, 0.21239327751179693, 0.20687240431199982, 0.17387478648740173, 0.14975916756922825, 0.0036000077760454108, -0.01480054035192957], "1": [0.2152585311512385, 0.16129851360854985, 0.18505439492549192, 0.16819186178741696, 0.1625144155459637, 0.1092170003620907, 0.009200129786276934, -0.016200708671695763], "2": [0.20135792079033066, 0.17834391511801506, 0.15562745334418548, 0.16312245731210995, 0.12875545586052173, 0.09072440631338297, -0.009200129786276934, 0.0014000004573337943], "3": [0.18342684960570188, 0.16819186178741696, 0.13581716917179243, 0.09956441670816996, 0.07346606811868206, 0.05562868652678321, 0.005600029269746454, 0.005200023434952072], "4": [0.17387478648740173, 0.1350097779655557, 0.12996556690705008, 0.08931871426280047, 0.04581602711855326, 0.033005992437058485, -0.005400026244344547, 0.0028000036586797172], "5": [0.1340006634009927, 0.1188798119067116, 0.10338406766394881, 0.08369768705117542, 0.014600518739093182, 0.010200176876281164, -0.0012000002880001581, -0.0066000479169390225], "6": [0.12734389909773935, 0.07446881000183403, 0.058833935737407916, 0.021401633727371028, 0.0, -0.017000818939840956, -0.008800113582624558, -0.00020000000133335583], "7": [0.10740638997653318, 0.0364080428870166, 0.03760886520379758, 0.0078000790941654685, -0.035407397816551445, -0.03840944345156383, -0.019801293960290733, -0.022601924304985754], "8": [0.06203979020092332, 0.029204151107594223, 0.004800018432191022, -0.02420236270404863, -0.05102213441702763, -0.05923463376300919, -0.005400026244344547, 0.01040018748645899], "9": [0.029404237012243595, 0.01040018748645899, -0.0078000790941654685, -0.04261289532964585, -0.049620359870572894, -0.08229285130763042, -0.02300202831621112, 0.004200012348098303], "10": [0.004000010666743492, -0.011800273855826271, -0.05242400931489688, -0.048819389831603166, -0.0836976870511752, -0.06604801016920137, 0.005600029269746454, 0.012800349551105539], "11": [-0.023802247451584657, -0.05062161728522141, -0.06103789365204637, -0.0780793093255161, -0.07988493855929435, -0.08771242555737402, 0.0012000002880001581, 0.010600198512703773], "12": [-0.05562868652678321, -0.07466936734830942, -0.0782799220915118, -0.08931871426280025, -0.08389839132311883, -0.0913269006339259, -0.016800790372387908, 0.0004000000106665347], "13": [-0.04661688228527838, -0.08169082883522782, -0.06965631510229087, -0.07928303343968324, -0.06264095799757463, -0.061238268021912345, 0.004600016222821246, -0.0010000001666665703], "14": [-0.0706587812424404, -0.08711012600858759, -0.07146080531993393, -0.05482746489672796, -0.0622401769612515, -0.06544671100566846, 0.004400014197457169, -0.009600147462115682], "15": [-0.07928303343968324, -0.06484543553800637, -0.08751165550742779, -0.07346606811868162, -0.07406770430332776, -0.05763189814265757, -0.030004501823476915, -0.004600016222821024], "16": [-0.08670861058929846, -0.07326552865450409, -0.06564714141643124, -0.05983569867550753, -0.05322512680954494, -0.04821868290011877, -0.013000366194515944, -0.015200585362194374], "17": [-0.11122921164061861, -0.06965631510229087, -0.06364295480974547, -0.05182319332122298, -0.05022110828060877, -0.03740872442997256, -0.018401038408877968, -0.001600000682667746], "18": [-0.08791319915204432, -0.049820607338454614, -0.06484543553800637, -0.043013262204449676, -0.045415610594175204, -0.032205566972485, 0.0004000000106665347, -0.006400043691471957], "19": [-0.06845344818788957, -0.057431566695207215, -0.03720858515529146, -0.033005992437058485, -0.029204151107594, -0.01580065745919379, 0.0036000077760454108, 0.0008000000853334299], "20": [-0.04221253528943891, -0.035607523961129095, -0.030004501823476915, -0.03160526144725173, -0.03660817624561674, -0.033606325390027614, -0.012400317792655935, -0.010000166674166922], "21": [-0.044014209716322306, -0.07105978755796483, -0.046216450994050584, -0.009200129786276934, -0.0346069073444526, -0.03480702786263423, 0.004600016222821246, -0.007000057167927176], "22": [-0.04461479934037915, -0.02220182391253256, -0.0264030675861906, -0.015000562556960695, -0.02220182391253256, -0.0264030675861906, 0.0028000036586797172, 0.004000010666743492], "23": [-0.02340213601035912, -0.021401633727370806, -0.012800349551105539, -0.04201235781214674, -0.026002930224795273, -0.02340213601035912, 0.004000010666743492, 0.0010000001666665703], "24": [-0.028803982798750738, -0.014000457373674724, -0.035407397816551445, -0.03060477744930945, -0.037809007484817636, -0.07326552865450409, -0.014200477257973354, 0.001600000682667524], "25": [-0.03240567138352479, -0.02160167996873663, -0.025402731970558756, -0.029404237012243817, -0.04201235781214674, -0.05863359027504611, -0.014600518739093404, -0.013200383358059176], "26": [-0.029204151107594, -0.02240187366042168, -0.0346069073444526, -0.04801845113654735, -0.061438644853595736, -0.07486992770386935, -0.012200302661605544, -0.0078000790941654685], "27": [-0.026603137848533187, -0.05663026389816106, -0.04181218201930936, -0.07226287544512511, -0.0692553483339422, -0.08911791562311211, -0.017200848187589157, -0.002600002929342038], "28": [-0.04201235781214674, -0.04821868290011877, -0.04861915223956226, -0.05022110828060877, -0.07527105747505547, -0.08189149968482967, -0.013000366194515944, 0.0010000001666665703], "29": [-0.05943498634250166, -0.06404377139419393, -0.08630710918335605, -0.07767809323137764, -0.07366661054274681, -0.08389839132311883, -0.005000020833567653, 0.018601072642999705]}