{"0": [0.17212378477056156, 0.18847698060780968, 0.1963807764283403, 0.1958037068062814, 0.18715284219342423, 0.17123891164649988, 0.14921856318394947, 0.12251756982621279, 0.09273992357122397, 0.06156857936517699], "1": [0.18847698060780968, 0.1963807764283403, 0.1958037068062814, 0.18715284219342423, 0.17123891164649988, 0.14921856318394947, 0.12251756982621279, 0.09273992357122397, 0.06156857936517699, 0.03066406654343558], "2": [0.1963807764283403, 0.1958037068062814, 0.18715284219342423, 0.17123891164649988, 0.14921856318394947, 0.12251756982621279, 0.09273992357122397, 0.06156857936517699, 0.03066406654343558, 0.0015672492592983334], "3": [0.1958037068062814, 0.18715284219342423, 0.17123891164649988, 0.14921856318394947, 0.12251756982621279, 0.09273992357122397, 0.06156857936517699, 0.03066406654343558, 0.0015672492592983334, -0.024387812209054113], "4": [0.18715284219342423, 0.17123891164649988, 0.14921856318394947, 0.12251756982621279, 0.09273992357122397, 0.06156857936517699, 0.03066406654343558, 0.0015672492592983334, -0.024387812209054113, -0.04614564819046974], "5": [0.17123891164649988, 0.14921856318394947, 0.12251756982621279, 0.09273992357122397, 0.06156857936517699, 0.03066406654343558, 0.0015672492592983334, -0.024387812209054113, -0.04614564819046974, -0.06298158948467678], "6": [0.14921856318394947, 0.12251756982621279, 0.09273992357122397, 0.06156857936517699, 0.03066406654343558, 0.0015672492592983334, -0.024387812209054113, -0.04614564819046974, -0.06298158948467678, -0.07453146079100079], "7": [0.12251756982621279, 0.09273992357122397, 0.06156857936517699, 0.03066406654343558, 0.0015672492592983334, -0.024387812209054113, -0.04614564819046974, -0.06298158948467678, -0.07453146079100079, -0.08079728025744513], "8": [0.09273992357122397, 0.06156857936517699, 0.03066406654343558, 0.0015672492592983334, -0.024387812209054113, -0.04614564819046974, -0.06298158948467678, -0.07453146079100079, -0.08079728025744513, -0.08212903328537298], "9": [0.06156857936517699, 0.03066406654343558, 0.0015672492592983334, -0.024387812209054113, -0.04614564819046974, -0.06298158948467678, -0.07453146079100079, -0.08079728025744513, -0.08212903328537298, -0.07918411940917082], "10": [0.03066406654343558, 0.0015672492592983334, -0.024387812209054113, -0.04614564819046974, -0.06298158948467678, -0.07453146079100079, -0.08079728025744513, -0.08212903328537298, -0.07918411940917082, -0.07286748971002947], "11": [0.0015672492592983334, -0.024387812209054113, -0.04614564819046974, -0.06298158948467678, -0.07453146079100079, -0.08079728025744513, -0.08212903328537298, -0.07918411940917082, -0.07286748971002947, -0.06425670901755604], "12": [-0.024387812209054113, -0.04614564819046974, -0.06298158948467678, -0.07453146079100079, -0.08079728025744513, -0.08212903328537298, -0.07918411940917082, -0.07286748971002947, -0.06425670901755604, -0.05451711532853965], "13": [-0.04614564819046974, -0.06298158948467678, -0.07453146079100079, -0.08079728025744513, -0.08212903328537298, -0.07918411940917082, -0.07286748971002947, -0.06425670901755604, -0.05451711532853965, -0.04481284952652811], "14": [-0.06298158948467678, -0.07453146079100079, -0.08079728025744513, -0.08212903328537298, -0.07918411940917082, -0.07286748971002947, -0.06425670901755604, -0.05451711532853965, -0.04481284952652811, -0.036219754299747685], "15": [-0.07453146079100079, -0.08079728025744513, -0.08212903328537298, -0.07918411940917082, -0.07286748971002947, -0.06425670901755604, -0.05451711532853965, -0.04481284952652811, -0.036219754299747685, -0.029645978734397588], "16": [-0.08079728025744513, -0.08212903328537298, -0.07918411940917082, -0.07286748971002947, -0.06425670901755604, -0.05451711532853965, -0.04481284952652811, -0.036219754299747685, -0.029645978734397588, -0.025765585759832458], "17": [-0.08212903328537298, -0.07918411940917082, -0.07286748971002947, -0.06425670901755604, -0.05451711532853965, -0.04481284952652811, -0.036219754299747685, -0.029645978734397588, -0.025765585759832458, -0.024969578801937693], "18": [-0.07918411940917082, -0.07286748971002947, -0.06425670901755604, -0.05451711532853965, -0.04481284952652811, -0.036219754299747685, -0.029645978734397588, -0.025765585759832458, -0.024969578801937693, -0.02733759875992509], "19": [-0.07286748971002947, -0.06425670901755604, -0.05451711532853965, -0.04481284952652811, -0.036219754299747685, -0.029645978734397588, -0.025765585759832458, -0.024969578801937693, -0.02733759875992509, -0.03263216795727079], "20": [-0.06425670901755604, -0.05451711532853965, -0.04481284952652811, -0.036219754299747685, -0.029645978734397588, -0.025765585759832458, -0.024969578801937693, -0.02733759875992509, -0.03263216795727079, -0.04031586253534395], "21": [-0.05451711532853965, -0.04481284952652811, -0.036219754299747685, -0.029645978734397588, -0.025765585759832458, -0.024969578801937693, -0.02733759875992509, -0.03263216795727079, -0.04031586253534395, -0.04959027504213817], "22": [-0.04481284952652811, -0.036219754299747685, -0.029645978734397588, -0.025765585759832458, -0.024969578801937693, -0.02733759875992509, -0.03263216795727079, -0.04031586253534395, -0.04959027504213817, -0.05945418246263344], "23": [-0.036219754299747685, -0.029645978734397588, -0.025765585759832458, -0.024969578801937693, -0.02733759875992509, -0.03263216795727079, -0.04031586253534395, -0.04959027504213817, -0.05945418246263344, -0.06877705472919571], "24": [-0.029645978734397588, -0.025765585759832458, -0.024969578801937693, -0.02733759875992509, -0.03263216795727079, -0.04031586253534395, -0.04959027504213817, -0.05945418246263344, -0.06877705472919571, -0.07638300735133713], "25": [-0.025765585759832458, -0.024969578801937693, -0.02733759875992509, -0.03263216795727079, -0.04031586253534395, -0.04959027504213817, -0.05945418246263344, -0.06877705472919571, -0.07638300735133713, -0.08113958589475498], "26": [-0.024969578801937693, -0.02733759875992509, -0.03263216795727079, -0.04031586253534395, -0.04959027504213817, -0.05945418246263344, -0.06877705472919571, -0.07638300735133713, -0.08113958589475498, -0.08204541622377415], "27": [-0.02733759875992509, -0.03263216795727079, -0.04031586253534395, -0.04959027504213817, -0.05945418246263344, -0.06877705472919571, -0.07638300735133713, -0.08113958589475498, -0.08204541622377415, -0.07831078624637469], "28": [-0.03263216795727079, -0.04031586253534395, -0.04959027504213817, -0.05945418246263344, -0.06877705472919571, -0.07638300735133713, -0.08113958589475498, -0.08204541622377415, -0.07831078624637469, -0.06942564134225855], "29": [-0.04031586253534395, -0.04959027504213817, -0.05945418246263344, -0.06877705472919571, -0.07638300735133713, -0.08113958589475498, -0.08204541622377415, -0.07831078624637469, -0.06942564134225855, -0.05521025115513918]}