{"0": [0.1767183656820428, 0.17936012516776478, 0.18179979554178471, 0.21055226472187716, 0.17996994101282082, 0.17753108113734117, 0.14975916756922825, -0.007000057167927176, -0.0008000000853332079, 0.04901962938263815], "1": [0.20605504519182438, 0.19177331504390493, 0.19442255335160197, 0.20156204918974407, 0.18953271650186876, 0.15259147161971187, 0.12109574469449114, -0.02240187366042168, 0.018401038408877968, 0.01740087812364277], "2": [0.20176618610390018, 0.199521146781118, 0.19197705398727427, 0.1596776848152779, 0.14510871197723407, 0.1255294147815269, 0.09675087252282943, -0.017000818939840956, 0.010000166674167144, 0.0010000001666665703], "3": [0.17996994101282082, 0.17956338961306595, 0.16291976997367041, 0.15340092697538132, 0.1229092246764012, 0.08470124236968424, 0.04581602711855326, -0.011200234167885403, 0.012800349551105539, -0.017200848187589157], "4": [0.18363026580761455, 0.17712470863081253, 0.16069065295191076, 0.11585902811473603, 0.09976541414581819, 0.07105978755796505, 0.03760886520379758, -0.001800000972001392, -0.012400317792655935, -0.03240567138352479], "5": [0.17814069547888622, 0.13662464947289377, 0.12170019325655912, 0.11525499966757735, 0.05422657182264401, 0.045015201356314316, -0.0066000479169390225, -0.029804412362153254, 0.0022000017746706124, -0.04581602711855348], "6": [0.14955690672189514, 0.1309741389288286, 0.0822928513076302, 0.05362569834686104, 0.025002604899361014, -0.008800113582624558, -0.015400608775638647, -0.009200129786276934, -0.0010000001666665703, -0.060637152265228256], "7": [0.12149870544856722, 0.07988493855929435, 0.07707629256150073, 0.033606325390027614, 0.008600106012861986, -0.016200708671695763, -0.027003281576635008, -0.011800273855826271, -0.002600002929342038, -0.07326552865450409], "8": [0.09192942820039551, 0.04441460102045269, 0.03160526144725151, 0.009600147462115682, -0.03580765153241838, -0.03240567138352479, -0.05983569867550753, -0.020401415209044815, 0.006400043691471957, -0.08771242555737402], "9": [0.06203979020092332, 0.02160167996873663, -0.009200129786276934, -0.017400878123642993, -0.050421361771062045, -0.06324214846335408, -0.0706587812424404, -0.01960125513965738, 0.012200302661605544, -0.07246340023277598], "10": [0.03540739781655122, 0.009400138436171268, -0.026603137848533187, -0.057431566695207215, -0.06304174910906446, -0.07266392793934773, -0.08229285130763042, -0.009000121504428638, 0.007200062209451241, -0.06083752173586343], "11": [-0.013200383358059176, -0.02520266793047954, -0.05703091071436983, -0.06404377139419393, -0.08771242555737402, -0.08972032238350347, -0.08951951651350032, -0.011400246938441772, 0.01480054035192957, -0.06684977962814975], "12": [-0.0342066704595132, -0.05202346322794971, -0.06705022869744637, -0.06865391907100471, -0.06644888955134975, -0.08851554128721695, -0.09253198923707417, -0.02560279702762247, -0.006800052406423784, -0.049820607338454614], "13": [-0.045015201356314094, -0.07627393513635572, -0.09092523407341213, -0.09855948988764629, -0.08209217383954837, -0.08128949701840371, -0.06885439271760374, -0.015200585362194374, 0.014400497710443938, -0.05482746489672796], "14": [-0.05582899749990067, -0.08490196366231895, -0.07868115710246726, -0.08490196366231895, -0.07005729308805053, -0.0692553483339422, -0.06023642062806811, -0.008400098787136434, 0.014600518739093182, -0.0342066704595132], "15": [-0.06705022869744637, -0.07005729308805053, -0.091527739451017, -0.07446881000183381, -0.08429981003812692, -0.06805251467943196, -0.06504585807461072, -0.010000166674166922, -0.002000001333335888, -0.02300202831621112], "16": [-0.09032276179227394, -0.09574622264283295, -0.08711012600858759, -0.08169082883522782, -0.05703091071436983, -0.05923463376300919, -0.050421361771062045, -0.03160526144725173, 0.0006000000360000257, -0.022601924304985754], "17": [-0.0750704910767166, -0.07767809323137764, -0.05803256799222112, -0.07266392793934773, -0.06404377139419393, -0.041612007902864345, -0.04321344822499085, -0.011000221845412828, 0.012800349551105539, -0.010200176876281164], "18": [-0.07948366527053752, -0.06564714141643124, -0.058433247168810265, -0.0642441835460581, -0.05522807127549423, -0.05262428551131504, -0.03860959184188317, -0.013600419277564946, -0.0010000001666665703, -0.01380043804954112], "19": [-0.07868115710246726, -0.05963534131062498, -0.04581602711855348, -0.04821868290011877, -0.03800915128108384, -0.032605777092608035, -0.03600778053846465, -0.002800003658679273, -0.011800273855826271, -0.042412714459250545], "20": [-0.07085928297348842, -0.053425411505618525, -0.050421361771062045, -0.04221253528943891, -0.04701732105685985, -0.030404684359021994, -0.018000972141744898, -0.009000121504428638, 0.02200177505330081, -0.05923463376300919], "21": [-0.049820607338454614, -0.05182319332122298, -0.020401415209044815, -0.010000166674166922, -0.020401415209044815, -0.020201373986970195, -0.033606325390027614, -0.032605777092608035, 0.004600016222821246, -0.05562868652678321], "22": [-0.049620359870572894, -0.05883393573740747, -0.027803582071239008, -0.024602481831916823, -0.04001067435398897, -0.029804412362153254, -0.028203738966173342, -0.005400026244344547, 0.005600029269746454, -0.05102213441702763], "23": [-0.042412714459250545, -0.0012000002880001581, -0.029404237012243817, -0.02620299838095308, -0.019201179843732374, -0.020201373986970195, -0.04121166466689741, 0.001800000972001392, 0.001600000682667524, -0.04481499944964251], "24": [-0.01480054035192957, -0.02520266793047954, -0.025802863109693153, -0.03060477744930945, -0.0346069073444526, -0.03800915128108384, -0.06163902415523426, -0.022001775053300587, 0.008000085335791107, -0.06664933324883782], "25": [-0.02240187366042168, -0.015200585362194374, -0.028403819103647088, -0.04321344822499085, -0.041011495531252606, -0.04681710073198575, -0.06805251467943196, -0.03340621307014602, 0.026603137848533187, -0.07607335348745448], "26": [-0.016800790372387908, -0.0200013335733904, -0.022801975854242373, -0.025802863109693153, -0.04841891659842901, -0.05783223190562237, -0.06264095799757463, -0.018601072642999483, 0.014000457373674724, -0.06725068046489069], "27": [-0.02220182391253256, -0.04861915223956226, -0.023802247451584657, -0.033606325390027614, -0.06183940593496384, -0.07968430030766416, -0.08771242555737402, -0.02180172707470751, 0.010800209963020668, -0.0514226597407752], "28": [-0.01380043804954112, -0.05482746489672796, -0.04381401671597773, -0.04461479934037915, -0.0692553483339422, -0.07968430030766416, -0.07988493855929435, -0.014600518739093404, -0.005600029269746232, -0.07667510766659436], "29": [-0.03840944345156383, -0.03700844737170539, -0.051622925494863914, -0.06404377139419393, -0.1041883957412959, -0.0963490008730441, -0.09393809641193385, 0.00200000133333611, -0.004800018432191022, -0.061438644853595736]}