{"0": [0.18200315059662242, 0.1824098835483614, 0.1913658613252074, 0.18179979554178471, 0.18607186233092343, 0.16717763603629687, 0.13924958248845476, 0.13077241383788651, 0.10599838209696477, 0.05703091071437005], "1": [0.17428092458805056, 0.19442255335160197, 0.189125438740271, 0.20156204918974407, 0.16474420019856728, 0.1388456842388932, 0.1172685933605222, 0.07306499214201922, 0.06304174910906424, 0.032005463851450644], "2": [0.2074855156484996, 0.20401225687311353, 0.17956338961306595, 0.16008285218008433, 0.15157979404031785, 0.10479168616829804, 0.09393809641193362, 0.0772768896662408, 0.03600778053846465, -0.004400014197456947], "3": [0.19442255335160197, 0.17814069547888622, 0.1716415428267304, 0.14025942830197247, 0.11525499966757735, 0.08650785813879613, 0.06324214846335408, 0.043613825472686774, -0.009800156872113108, -0.019201179843732374], "4": [0.19870502208985563, 0.15684224946335412, 0.14814125289156888, 0.14551297250440642, 0.10097148398910849, 0.06224017696125128, 0.031004967315082288, 0.0012000002880001581, -0.009800156872113108, -0.0638433618181391], "5": [0.18037652248632785, 0.1499614345895317, 0.1325881333623733, 0.08450052449770729, 0.07186183459382334, 0.024402421779546435, 0.003800009145393135, -0.04181218201930936, -0.04821868290011877, -0.05823290641057666], "6": [0.14490659067344414, 0.11767136916024401, 0.09273285039257173, 0.04121166466689785, 0.04721754326798089, 0.006400043691471957, -0.021001543806387968, -0.035407397816551445, -0.05582899749990067, -0.09293371530022676], "7": [0.12673902445293317, 0.0838983913231186, 0.05983569867550753, 0.03280588410777363, -0.004800018432191022, -0.04201235781214674, -0.030804871765317987, -0.07767809323137764, -0.07687569856435683, -0.08470124236968446], "8": [0.11243675498743788, 0.048819389831602944, 0.016000682745321848, 0.013600419277564724, -0.019001143352413985, -0.04461479934037915, -0.07346606811868162, -0.06404377139419393, -0.07166131851379576, -0.0943398754128486], "9": [0.0638433618181391, 0.03760886520379758, 0.0034000065507009403, -0.019001143352413985, -0.03660817624561674, -0.06043678523200735, -0.07246340023277598, -0.07888177936387608, -0.07968430030766416, -0.07466936734830942], "10": [0.03981051496231336, 0.006400043691471957, -0.026803209176006204, -0.03520727309063898, -0.05102213441702763, -0.054026278497269375, -0.08189149968482967, -0.08309559447852077, -0.08128949701840371, -0.0782799220915118], "11": [0.004400014197457169, -0.03320610208850239, -0.04681710073198575, -0.052824563820495385, -0.061238268021912345, -0.09654993474274587, -0.07146080531993393, -0.06965631510229087, -0.0963490008730441, -0.06344255036086555], "12": [-0.024602481831916823, -0.04721754326798089, -0.06244056622408811, -0.08209217383954837, -0.0742682556562404, -0.06805251467943196, -0.09052358222243684, -0.05663026389816106, -0.06264095799757463, -0.04561581794151248], "13": [-0.05082187483117906, -0.06825298006008906, -0.0774774898867936, -0.08450052449770706, -0.08088817832314144, -0.08008558003365907, -0.07286445857303159, -0.05723123755515114, -0.03320610208850239, -0.05663026389816106], "14": [-0.06644888955134975, -0.07186183459382334, -0.08269421621686623, -0.08008558003365907, -0.08289490367451657, -0.06985680268890593, -0.06504585807461072, -0.06244056622408811, -0.037809007484817636, -0.030204592486422266], "15": [-0.08791319915204432, -0.08771242555737402, -0.08229285130763042, -0.06805251467943196, -0.06183940593496384, -0.06364295480974547, -0.0514226597407752, -0.05663026389816106, -0.03580765153241838, -0.027003281576635008], "16": [-0.08972032238350347, -0.053024844250537884, -0.09293371530022676, -0.06163902415523426, -0.047417767373429065, -0.04321344822499085, -0.04601623813337419, -0.03941020095827641, -0.022001775053300587, -0.021001543806387968], "17": [-0.09936342330618464, -0.07687569856435683, -0.07025778630790147, -0.07005729308805053, -0.07446881000183381, -0.047417767373429065, -0.03340621307014602, -0.025802863109693153, -0.027403429629465847, -0.024002304597401602], "18": [-0.07868115710246726, -0.0638433618181391, -0.03840944345156383, -0.07366661054274681, -0.05242400931489688, -0.04681710073198575, -0.03060477744930945, -0.033005992437058485, -0.032205566972485, -0.021001543806387968], "19": [-0.050020856805770064, -0.06604801016920137, -0.0342066704595132, -0.041612007902864345, -0.035607523961129095, -0.03140516214801359, -0.015000562556960695, 0.0010000001666665703, -0.036808311071163224, -0.03900989327294768], "20": [-0.08550414814679641, -0.06564714141643124, -0.044414601020452915, -0.04581602711855348, -0.04181218201930936, -0.03520727309063898, -0.01660076247721909, -0.027603505297721265, -0.025402731970558756, -0.028803982798750738], "21": [-0.07005729308805053, -0.03700844737170539, -0.04681710073198575, -0.05683058616474579, -0.013600419277564946, -0.029804412362153254, -0.021001543806387968, -0.013600419277564946, -0.04821868290011877, -0.061238268021912345], "22": [-0.048819389831603166, -0.06023642062806811, -0.02520266793047954, -0.041011495531252606, -0.018601072642999483, -0.025002604899361236, -0.024002304597401602, -0.03580765153241838, -0.07326552865450409, -0.057431566695207215], "23": [-0.041612007902864345, -0.028803982798750738, -0.03600778053846465, -0.01960125513965738, -0.032805884107772965, -0.022801975854242373, -0.03140516214801359, -0.04861915223956226, -0.06865391907100471, -0.08249353209732013], "24": [-0.018000972141744898, -0.02620299838095308, -0.027203355058446288, -0.04481499944964251, -0.032205566972485, -0.03981051496231358, -0.049620359870572894, -0.06103789365204637, -0.05803256799222112, -0.09172858197040479], "25": [-0.027603505297721265, -0.04281307790869038, -0.04221253528943891, -0.04421440448179048, -0.026603137848533187, -0.042412714459250545, -0.06023642062806811, -0.05723123755515114, -0.0782799220915118, -0.08028622473899172], "26": [-0.02240187366042168, -0.04061116218433458, -0.025802863109693153, -0.03380643905618874, -0.05242400931489688, -0.05783223190562237, -0.07366661054274681, -0.08108883603469774, -0.08650785813879613, -0.07206235356820345], "27": [-0.009000121504428638, -0.02960432409441993, -0.028203738966173342, -0.04861915223956226, -0.06725068046489069, -0.06043678523200735, -0.0770762925615005, -0.07667510766659436, -0.06544671100566846, -0.08349698615859724], "28": [-0.03240567138352479, -0.03520727309063898, -0.03981051496231358, -0.07366661054274681, -0.07888177936387608, -0.0790824048068719, -0.07968430030766416, -0.06444459828188176, -0.08048687268352572, -0.07547162690709164], "29": [-0.04041099795694114, -0.06103789365204637, -0.04841891659842901, -0.05622962618164573, -0.05883393573740747, -0.08088817832314144, -0.08189149968482967, -0.06544671100566846, -0.07647451985999854, -0.047417767373429065]}