{"0": [0.1881073830707396, 0.21137040281391406, 0.1913658613252074, 0.1856648520435218, 0.1635278522831749, 0.1335970560682218, 0.10579725539775109, 0.10237875188817891], "1": [0.20339958909743094, 0.1848509247323742, 0.19462639792183145, 0.14571511174536633, 0.15441288871737058, 0.12411843669695144, 0.08590562172457683, 0.06504585807461072], "2": [0.1993171030033447, 0.17468709173273123, 0.17428092458805056, 0.15238912354538958, 0.12512625267412325, 0.08550414814679663, 0.05763189814265779, 0.033806439056188964], "3": [0.1714385637117395, 0.1698149868193859, 0.1554250098824963, 0.11324187525455631, 0.10318299615268445, 0.06344255036086555, 0.02220182391253278, -0.02340213601035912], "4": [0.1637305599338139, 0.15805727900103328, 0.10217770122525316, 0.10117250991066928, 0.08008558003365907, 0.016400735246325127, 0.019801293960290733, -0.014000457373674724], "5": [0.13561531303930296, 0.12311074742151651, 0.09654993474274587, 0.08731088899392558, 0.031004967315082288, 0.007000057167927176, -0.016000682745321626, -0.04121166466689741], "6": [0.13440429269511567, 0.09654993474274587, 0.05763189814265779, 0.034606907344452376, 0.005200023434952072, -0.02560279702762247, -0.0364080428870166, -0.05963534131062498], "7": [0.07988493855929435, 0.07527105747505569, 0.029404237012243595, 0.009600147462115682, -0.035607523961129095, -0.036808311071163224, -0.06083752173586343, -0.05262428551131504], "8": [0.06284135228985277, 0.030804871765317987, 0.004600016222821246, -0.022001775053300587, -0.05803256799222112, -0.05723123755515114, -0.06865391907100471, -0.06705022869744637], "9": [0.014000457373674724, 0.0012000002880001581, -0.021001543806387968, -0.03660817624561674, -0.0674511349386464, -0.0782799220915118, -0.0780793093255161, -0.08490196366231895], "10": [0.007000057167927176, -0.01480054035192957, -0.037809007484817636, -0.045215405068466774, -0.06344255036086555, -0.08349698615859724, -0.06444459828188176, -0.07386715593489623], "11": [-0.013200383358059176, -0.045215405068466774, -0.0662484485275241, -0.08771242555737402, -0.08871632914360883, -0.05723123755515114, -0.07888177936387608, -0.05983569867550753], "12": [-0.05863359027504611, -0.0622401769612515, -0.07025778630790147, -0.0836976870511752, -0.0963490008730441, -0.07186183459382334, -0.06564714141643124, -0.06965631510229087], "13": [-0.060637152265228256, -0.06304174910906446, -0.08972032238350347, -0.09072440631338274, -0.08209217383954837, -0.06885439271760374, -0.04321344822499085, -0.049620359870572894], "14": [-0.06244056622408811, -0.08731088899392514, -0.07948366527053752, -0.07446881000183381, -0.05582899749990067, -0.07146080531993393, -0.0514226597407752, -0.05562868652678321], "15": [-0.07527105747505547, -0.08851554128721695, -0.07868115710246726, -0.05823290641057666, -0.08048687268352572, -0.04181218201930936, -0.030404684359021994, -0.02360219125857732], "16": [-0.09755466291384018, -0.08008558003365907, -0.06644888955134975, -0.0706587812424404, -0.04581602711855348, -0.04721754326798089, -0.03941020095827641, -0.010600198512703773], "17": [-0.08670861058929846, -0.08309559447852077, -0.07306499214201922, -0.061238268021912345, -0.04421440448179048, -0.021201588342593336, -0.03060477744930945, -0.017400878123642993], "18": [-0.0704582823566382, -0.07466936734830942, -0.05683058616474579, -0.03800915128108384, -0.047417767373429065, -0.032805884107772965, -0.03520727309063898, -0.034406788212759665], "19": [-0.05863359027504611, -0.047818221299630315, -0.019401217103475643, -0.03740872442997256, -0.03140516214801359, -0.030404684359021994, -0.0200013335733904, -0.04001067435398897], "20": [-0.05322512680954494, -0.05502776698110079, -0.04861915223956226, -0.02420236270404863, -0.03160526144725173, -0.029204151107594, -0.03060477744930945, -0.05382598734137667], "21": [-0.045215405068466774, -0.033606325390027614, -0.03840944345156383, -0.027803582071239008, -0.010600198512703773, -0.04041099795694114, -0.02960432409441993, -0.033005992437058485], "22": [-0.026002930224795273, -0.029404237012243817, -0.014400497710443716, -0.019801293960290733, -0.02240187366042168, -0.027803582071239008, -0.05963534131062498, -0.044414601020452915], "23": [-0.015600632805302439, -0.02560279702762247, -0.011600260165087306, -0.009400138436171268, -0.02240187366042168, -0.044414601020452915, -0.05723123755515114, -0.05422657182264401], "24": [-0.029404237012243817, -0.016400735246324905, -0.030004501823476915, -0.05462716501426623, -0.052824563820495385, -0.04701732105685985, -0.06103789365204637, -0.06284135228985255], "25": [-0.019801293960290733, -0.027603505297721265, -0.03060477744930945, -0.04841891659842901, -0.04721754326798089, -0.06865391907100471, -0.06444459828188176, -0.08891712058614476], "26": [-0.017000818939840956, -0.018401038408877968, -0.043613825472686996, -0.03760886520379736, -0.05863359027504611, -0.0756721993810312, -0.07888177936387608, -0.08450052449770706], "27": [-0.05242400931489688, -0.027803582071239008, -0.04801845113654735, -0.05983569867550753, -0.07486992770386935, -0.06023642062806811, -0.07687569856435683, -0.09896144857575417], "28": [-0.03800915128108384, -0.04901962938263771, -0.06203979020092354, -0.06484543553800637, -0.06284135228985255, -0.07005729308805053, -0.07727688966624058, -0.0991624339314996], "29": [-0.041011495531252606, -0.06344255036086555, -0.04921987090075253, -0.07607335348745448, -0.06985680268890593, -0.06604801016920137, -0.08169082883522782, -0.0742682556562404]}