{"0": [-0.09855948988764629, -0.012400317792655713, -0.14591725698296387, 0.10941820137571545, 0.01600068274532207, -0.03380643905618874, -0.010000166674166922, 0.02340213601035912], "1": [-0.0963490008730441, -0.00180000097200117, -0.07406770430332776, 0.11324187525455631, 0.014200477257973576, -0.06865391907100449, -0.013200383358059176, 0.03600778053846465], "2": [-0.08128949701840371, -0.014600518739093404, -0.07406770430332776, 0.030004501823477137, 0.004800018432191022, -0.020801500110738447, -0.011400246938441772, 0.019001143352413985], "3": [-0.10539501487787217, -0.004800018432191022, -0.0200013335733904, 0.0802862247389915, 0.04321344822499107, 0.05542837778801801, -0.002800003658679495, 0.032005463851450866], "4": [-0.09614807090538369, -0.023802247451584657, 0.028403819103647088, -0.045215405068466774, -0.06825298006008884, -0.037208585155291685, 0.01660076247721931, 0.041812182019309585], "5": [-0.09554530433126862, -0.020801500110738447, -0.09675087252282921, 0.09192942820039551, -0.07386715593489623, 0.18770021610006893, 0.014000457373674724, 0.037809007484817414], "6": [-0.10821106170831896, -0.006200039722020323, 0.038409443451564274, 0.1934034530383133, 0.1759057681637164, 0.23248872200451953, -0.007400067538997801, 0.040611162184334804], "7": [-0.10720523297212958, -0.0342066704595132, 0.30406374526552415, -0.044014209716322306, -0.4032394229898537, -0.31456200766748954, -0.010600198512703773, 0.07346606811868206], "8": [-0.12210318377718243, -0.004600016222821024, -0.12170019325655912, 0.20115380089609092, 0.15218678175915756, 0.016400735246325127, -0.021001543806387968, 0.07747748988679382], "9": [-0.09072440631338274, -0.04661688228527838, 0.16636638045183472, 0.21812558093649637, 0.1952379808178537, 0.17448400452530954, -0.02160167996873663, 0.025802863109693153]}