{"0": [-0.019201179843732374, 0.007600073164568455, -0.05703091071436983, -0.0784805380144209, 0.042212535289439135, -0.11002183113422359, 0.0036000077760454108, -0.017200848187589157], "1": [-0.0032000054613585682, 0.01300036619451661, 0.06183940593496384, 0.007000057167927398, 0.006800052406423784, -0.12331227519187204, -0.0012000002880001581, -0.026002930224795273], "2": [0.002600002929342482, 0.02640306758619082, -0.10941820137571523, -0.06524628322778048, -0.06644888955134975, 0.022601924304985532, -0.008600106012861541, -0.026803209176006204], "3": [-0.004600016222821024, 0.017000818939840956, 0.04761799338128503, -0.1702208384986883, 0.04481499944964251, 0.0943398754128486, 0.002600002929342482, -0.011800273855826271], "4": [0.006800052406423784, 0.01580065745919379, 0.1728595678231093, -0.0794836652705373, -0.17549951344724346, -0.10640064841599961, -0.0022000017746706124, -0.027203355058446288], "5": [0.0060000360005831865, -0.005800032519158949, -0.029804412362153476, -0.005800032519158949, 0.08389839132311883, 0.07888177936387586, -0.007000057167927176, -0.014400497710443494], "6": [0.015400608775638647, -0.004800018432191022, 0.04081132803975174, 0.23886499490003188, 0.1673804672656114, 0.22550643155938932, 0.01800097214174512, 0.0030000045000182496], "7": [0.02180172707470751, 0.010000166674167144, 0.3403319275390433, -0.020201373986970195, -0.36484018186327827, -0.38374962728887163, 0.01080020996302089, -0.007600073164568233], "8": [-0.009000121504428638, 0.015200585362194152, -0.18892181176973488, 0.0662484485275241, 0.11585902811473603, 0.24277791486137956, -0.009400138436171268, 0.020201373986970417], "9": [0.003800009145392913, -0.004400014197456947, 0.205646418027283, 0.25826140146853027, 0.16028544579844417, 0.24896396554121036, 0.0004000000106665347, -0.0264030675861906]}