{"0": [0.17212378477056156, 0.1884769806078095, 0.19638077642834045, 0.19580370680628156, 0.18715284219342407, 0.17123891164649988, 0.14921856318394947, 0.12251756982621279, 0.09273992357122397, 0.06156857936517699], "1": [0.1884769806078095, 0.19638077642834045, 0.19580370680628156, 0.18715284219342407, 0.17123891164649988, 0.14921856318394947, 0.12251756982621279, 0.09273992357122397, 0.06156857936517699, 0.03066406654343558], "2": [0.19638077642834045, 0.19580370680628156, 0.18715284219342407, 0.17123891164649988, 0.14921856318394947, 0.12251756982621279, 0.09273992357122397, 0.06156857936517699, 0.03066406654343558, 0.0015672492592983334], "3": [0.19580370680628156, 0.18715284219342407, 0.17123891164649988, 0.14921856318394947, 0.12251756982621279, 0.09273992357122397, 0.06156857936517699, 0.03066406654343558, 0.0015672492592983334, -0.024387812209054113], "4": [0.18715284219342407, 0.17123891164649988, 0.14921856318394947, 0.12251756982621279, 0.09273992357122397, 0.06156857936517699, 0.03066406654343558, 0.0015672492592983334, -0.024387812209054113, -0.04614564819046974], "5": [0.17123891164649988, 0.14921856318394947, 0.12251756982621279, 0.09273992357122397, 0.06156857936517699, 0.03066406654343558, 0.0015672492592983334, -0.024387812209054113, -0.04614564819046974, -0.06298158948467678], "6": [0.14921856318394947, 0.12251756982621279, 0.09273992357122397, 0.06156857936517699, 0.03066406654343558, 0.0015672492592983334, -0.024387812209054113, -0.04614564819046974, -0.06298158948467678, -0.07453146079100113], "7": [0.12251756982621279, 0.09273992357122397, 0.06156857936517699, 0.03066406654343558, 0.0015672492592983334, -0.024387812209054113, -0.04614564819046974, -0.06298158948467678, -0.07453146079100113, -0.08079728025744477], "8": [0.09273992357122397, 0.06156857936517699, 0.03066406654343558, 0.0015672492592983334, -0.024387812209054113, -0.04614564819046974, -0.06298158948467678, -0.07453146079100113, -0.08079728025744477, -0.08212903328537333], "9": [0.06156857936517699, 0.03066406654343558, 0.0015672492592983334, -0.024387812209054113, -0.04614564819046974, -0.06298158948467678, -0.07453146079100113, -0.08079728025744477, -0.08212903328537333, -0.07918411940917047], "10": [0.03066406654343558, 0.0015672492592983334, -0.024387812209054113, -0.04614564819046974, -0.06298158948467678, -0.07453146079100113, -0.08079728025744477, -0.08212903328537333, -0.07918411940917047, -0.07286748971002947], "11": [0.0015672492592983334, -0.024387812209054113, -0.04614564819046974, -0.06298158948467678, -0.07453146079100113, -0.08079728025744477, -0.08212903328537333, -0.07918411940917047, -0.07286748971002947, -0.06425670901755604], "12": [-0.024387812209054113, -0.04614564819046974, -0.06298158948467678, -0.07453146079100113, -0.08079728025744477, -0.08212903328537333, -0.07918411940917047, -0.07286748971002947, -0.06425670901755604, -0.05451711532853965], "13": [-0.04614564819046974, -0.06298158948467678, -0.07453146079100113, -0.08079728025744477, -0.08212903328537333, -0.07918411940917047, -0.07286748971002947, -0.06425670901755604, -0.05451711532853965, -0.04481284952652811], "14": [-0.06298158948467678, -0.07453146079100113, -0.08079728025744477, -0.08212903328537333, -0.07918411940917047, -0.07286748971002947, -0.06425670901755604, -0.05451711532853965, -0.04481284952652811, -0.036219754299747685], "15": [-0.07453146079100113, -0.08079728025744477, -0.08212903328537333, -0.07918411940917047, -0.07286748971002947, -0.06425670901755604, -0.05451711532853965, -0.04481284952652811, -0.036219754299747685, -0.029645978734397588], "16": [-0.08079728025744477, -0.08212903328537333, -0.07918411940917047, -0.07286748971002947, -0.06425670901755604, -0.05451711532853965, -0.04481284952652811, -0.036219754299747685, -0.029645978734397588, -0.025765585759832458], "17": [-0.08212903328537333, -0.07918411940917047, -0.07286748971002947, -0.06425670901755604, -0.05451711532853965, -0.04481284952652811, -0.036219754299747685, -0.029645978734397588, -0.025765585759832458, -0.024969578801937693], "18": [-0.07918411940917047, -0.07286748971002947, -0.06425670901755604, -0.05451711532853965, -0.04481284952652811, -0.036219754299747685, -0.029645978734397588, -0.025765585759832458, -0.024969578801937693, -0.02733759875992509], "19": [-0.07286748971002947, -0.06425670901755604, -0.05451711532853965, -0.04481284952652811, -0.036219754299747685, -0.029645978734397588, -0.025765585759832458, -0.024969578801937693, -0.02733759875992509, -0.03263216795727079], "20": [-0.06425670901755604, -0.05451711532853965, -0.04481284952652811, -0.036219754299747685, -0.029645978734397588, -0.025765585759832458, -0.024969578801937693, -0.02733759875992509, -0.03263216795727079, -0.04031586253534413], "21": [-0.05451711532853965, -0.04481284952652811, -0.036219754299747685, -0.029645978734397588, -0.025765585759832458, -0.024969578801937693, -0.02733759875992509, -0.03263216795727079, -0.04031586253534413, -0.049590275042138], "22": [-0.04481284952652811, -0.036219754299747685, -0.029645978734397588, -0.025765585759832458, -0.024969578801937693, -0.02733759875992509, -0.03263216795727079, -0.04031586253534413, -0.049590275042138, -0.059454182462633266], "23": [-0.036219754299747685, -0.029645978734397588, -0.025765585759832458, -0.024969578801937693, -0.02733759875992509, -0.03263216795727079, -0.04031586253534413, -0.049590275042138, -0.059454182462633266, -0.06877705472919587], "24": [-0.029645978734397588, -0.025765585759832458, -0.024969578801937693, -0.02733759875992509, -0.03263216795727079, -0.04031586253534413, -0.049590275042138, -0.059454182462633266, -0.06877705472919587, -0.07638300735133713], "25": [-0.025765585759832458, -0.024969578801937693, -0.02733759875992509, -0.03263216795727079, -0.04031586253534413, -0.049590275042138, -0.059454182462633266, -0.06877705472919587, -0.07638300735133713, -0.08113958589475498], "26": [-0.024969578801937693, -0.02733759875992509, -0.03263216795727079, -0.04031586253534413, -0.049590275042138, -0.059454182462633266, -0.06877705472919587, -0.07638300735133713, -0.08113958589475498, -0.08204541622377398], "27": [-0.02733759875992509, -0.03263216795727079, -0.04031586253534413, -0.049590275042138, -0.059454182462633266, -0.06877705472919587, -0.07638300735133713, -0.08113958589475498, -0.08204541622377398, -0.07831078624637486], "28": [-0.03263216795727079, -0.04031586253534413, -0.049590275042138, -0.059454182462633266, -0.06877705472919587, -0.07638300735133713, -0.08113958589475498, -0.08204541622377398, -0.07831078624637486, -0.06942564134225855], "29": [-0.04031586253534413, -0.049590275042138, -0.059454182462633266, -0.06877705472919587, -0.07638300735133713, -0.08113958589475498, -0.08204541622377398, -0.07831078624637486, -0.06942564134225855, -0.055210251155139355]}