{"0": [-0.05262428551131482, 0.04481499944964251, -0.12774717487375598, -0.005400026244344325, -0.06003605844527837, 0.03620791098731546, 0.04621645099405036, -0.009800156872113108], "1": [-0.05022110828060877, 0.014800540351929792, -0.025802863109693153, -0.015000562556960695, 0.07226287544512511, 0.0030000045000182496, 0.030404684359021994, -0.0006000000360000257], "2": [-0.038209296600648424, 0.06444459828188176, -0.11102797029717593, 0.0442144044817907, -0.09072440631338274, 0.01100022184541305, 0.040210835349512086, -0.013400401049739719], "3": [-0.045215405068466774, 0.026803209176006426, -0.04041099795694114, -0.07005729308805031, 0.2101432493504123, 0.019401217103475643, 0.04001067435398897, 0.0], "4": [-0.035607523961129095, 0.10077046216178953, 0.1066017880526493, -0.07988493855929435, -0.23968845561054186, 0.001800000972001392, 0.025002604899361236, 0.010200176876281164], "5": [-0.03880974177965979, -0.010200176876281164, 0.01100022184541305, 0.030404684359021994, -0.014400497710443494, -0.001600000682667524, 0.05082187483117906, -0.0022000017746706124], "6": [-0.045015201356314094, 0.14167345460714142, 0.0975546629138404, 0.11565768059207993, 0.27609434567795144, 0.02220182391253278, 0.05342541150561875, -0.030204592486422266], "7": [-0.045215405068466774, 0.433445320069886, 0.22078947332783083, 0.07466936734830965, -0.38698706194457344, 0.007600073164568455, 0.04141183545474747, -0.001600000682667524], "8": [-0.03120506410663526, -0.4822796365923194, -0.27547078272065084, 0.11082673346861949, 0.13803795605751068, 0.0034000065507009403, 0.037809007484817414, -0.012600333419820808], "9": [-0.03220556697248478, 0.18647890380562848, 0.14430026249583583, 0.21833043964926646, 0.15178211701548783, 0.020001333573390623, 0.02560279702762225, -0.0176009087560125]}