{"0": [-0.1269406441434382, -0.11022304998774657, 0.09514347930589007, -0.057431566695207215, -0.07366661054274681, 0.04841891659842901, 0.05402627849726915, -0.13662464947289354], "1": [-0.095344389888399, 0.07787869970821193, 0.05522807127549445, -0.1617037874353311, -0.004000010666743492, 0.048619152239562036, -0.17814069547888622, 0.06043678523200735], "2": [0.00900012150442886, 0.044614799340379374, -0.17895361874017768, 0.04761799338128503, -0.07005729308805031, 0.05562868652678321, 0.012400317792655713, -0.1265374099420633], "3": [-0.08550414814679663, 0.06684977962814975, -0.008000085335790885, -0.12190168602991469, 0.14005744765412276, 0.04361382547268655, 0.15866488190462102, -0.16940916338130263], "4": [0.14571511174536633, 0.052223735223142054, 0.16048804605273026, -0.1420775143827171, -0.05022110828060877, -0.11465101345549278, 0.012600333419820586, 0.0943398754128486], "5": [-0.05122239605086154, -0.12028988239478822, 0.013400401049739719, 0.09554530433126907, -0.091527739451017, 0.12754553437873262, 0.23413327945328932, 0.13258813336237352], "6": [-0.0877124255573738, 0.12835212772905358, 0.2384533264949109, 0.10821106170831896, 0.29213769153022073, 0.2066680514089383, 0.3396954916327706, -0.0264030675861906], "7": [0.2873376144346407, 0.2115749597580956, 0.36526839953498036, -0.028203738966173342, -0.5673510446957049, -0.32446315677837934, -0.37062707500093106, 0.09554530433126907], "8": [-0.5600162904294355, -0.3388471329794498, -0.36505428193897016, 0.09152773945101722, 0.21075678581165436, 0.19625745016365337, 0.09072440631338319, 0.17854714220179724], "9": [0.22673777783922922, 0.17753108113734117, 0.09795658178859346, 0.18179979554178471, 0.1554250098824963, 0.22345495943617744, 0.42377011794870323, 0.26157262250943925]}