{"0": [0.02080150011073867, -0.07486992770386913, -0.04121166466689763, -0.0364080428870166, 0.07446881000183403, 0.06364295480974524, 0.015200585362194152, 0.029804412362153476], "1": [0.01580065745919379, -0.05062161728522141, 0.004000010666743492, 0.047417767373429065, 0.029804412362153476, 0.06444459828188176, 0.004000010666743492, 0.031205064106635705], "2": [0.08791319915204432, -0.05883393573740747, 0.006400043691471957, 0.11344316682010147, -0.08048687268352572, 0.030204592486422488, 0.007400067538997801, 0.12673902445293317], "3": [0.016400735246325127, -0.05763189814265757, 0.028603900378496583, 0.09333545640526997, 0.03320610208850305, 0.01760090875601228, 0.0078000790941654685, 0.03140516214801381], "4": [0.05522807127549445, -0.05542837778801779, -0.012400317792655713, 0.005400026244344547, -0.015400608775638647, 0.044614799340379374, 0.001800000972001392, 0.10479168616829782], "5": [0.030404684359021994, -0.03220556697248478, 0.032405671383525014, -0.03480702786263423, 0.038609591841883395, -0.04821868290011899, 0.008200091897447415, 0.01300036619451661], "6": [-0.030204592486422266, -0.05723123755515114, 0.08249353209732013, 0.2706937619272296, -0.06564714141643124, -0.14369398773449515, 0.037809007484817414, -0.04221253528943891], "7": [0.11444969406409378, 0.005600029269746454, 0.07005729308805031, 0.07466936734830965, -0.008000085335790885, 0.24545735854508144, -0.035007149775348356, 0.1673804672656114], "8": [-0.02320208169891047, -0.04201235781214674, -0.04921987090075253, 0.12613419642485657, -0.017200848187589157, -0.08690936654313752, 0.04001067435398897, -0.028403819103646866], "9": [-0.05562868652678321, -0.06464501560981395, 0.05262428551131504, 0.14106740858106348, 0.0224018736604219, -0.13581716917179198, 0.052424009314897324, -0.07386715593489623]}