{"0": [-0.08630710918335627, 0.06644888955134998, -0.04821868290011899, -0.033406213070145796, -0.07968430030766416, 0.0024000023040058327, 0.03720858515529191, 0.02880398279875096], "1": [-0.09112606551082547, 0.0006000000360000257, 0.04081132803975174, 0.021601679968736853, -0.17001790912433812, 0.11807416413911098, -0.136422771014568, -0.07667510766659436], "2": [-0.1862753791652001, 0.11022304998774679, -0.1536033066232847, -0.05883393573740747, 0.14996143458953193, -0.11384576380901557, 0.06003605844527837, -0.15704473812461672], "3": [0.1356153130393032, -0.10217770122525316, 0.05302484425053833, -0.16373055993381347, 0.10197665470683814, 0.05482746489672796, 0.17834391511801484, -0.0004000000106665347], "4": [0.09454077063721766, 0.06604801016920159, 0.15663976728593187, -0.012000288018663818, -0.28337746784481865, 0.03941020095827641, -0.09132690063392568, 0.10841224061194388], "5": [-0.2938089030065194, 0.01600068274532207, -0.08269421621686601, 0.10760755134392808, 0.008200091897447415, -0.004600016222821024, 0.2898411453478684, 0.017800940092709494], "6": [0.028403819103647088, 0.004000010666743492, 0.29715386836116453, -0.009400138436171268, 0.3577846163687226, 0.2650940148307095, 0.28796332287472404, 0.04481499944964251], "7": [0.3629140672708886, 0.2679965127985662, 0.2986183663710251, 0.050020856805770064, -0.46698930869205, -0.5063631676792726, -0.18790379564496607, -0.011200234167885403], "8": [-0.456044157433382, -0.5070493935582032, -0.21996964539629071, -0.02280197585424215, 0.18668243626153846, 0.08189149968482945, 0.24154184923280542, 0.13763412598627123], "9": [0.17225052306166133, 0.08470124236968424, 0.20013332866777245, 0.14389607340109567, 0.1934034530383133, 0.215667999095847, 0.3535175822276764, 0.31645547190649026]}