{"0": [-0.1204913405900061, -0.08289490367451635, -0.02360219125857732, 0.07827992209151202, 0.029804412362153476, -0.029004066372439796, -0.04701732105685963, 0.017200848187589157], "1": [0.03340621307014602, -0.02220182391253256, -0.05703091071436983, 0.011800273855826493, -0.07366661054274681, -0.06344255036086555, 0.006600047916939467, 0.00900012150442886], "2": [-0.07386715593489623, -0.04081132803975196, 0.022001775053300587, 0.03580765153241816, -0.1287554558605215, -0.06524628322778048, 0.11002183113422404, -0.09494257257541028], "3": [-0.14470447533113595, -0.05863359027504611, 0.10941820137571545, -0.09313458396835395, 0.1269406441434382, 0.1897363673116801, -0.033606325390027614, 0.04361382547268655], "4": [0.1166644654729374, 0.1913658613252074, -0.06003605844527837, 0.05803256799222134, -0.12270770694796695, -0.11102797029717593, -0.023802247451584657, -0.06284135228985233], "5": [-0.12008842910514828, -0.10841224061194388, 0.005600029269746454, -0.06604801016920137, 0.04521540506846722, 0.14046141470985596, 0.12512625267412325, 0.21955978781373742], "6": [0.037809007484817414, 0.1578547577866285, 0.14248159751318124, 0.22817479088288684, 0.20319538372039858, 0.18770021610006893, 0.31014844264925956, 0.06003605844527837], "7": [0.1838336896946713, 0.1891254387402712, 0.3036445417240867, 0.051222396050861985, -0.40128327946974873, -0.48070004646498043, -0.27526295283558033, -0.0014000004573337943], "8": [-0.41435544076823616, -0.4822796365923194, -0.26033057271656035, 0.004200012348098081, 0.2574340500750969, 0.13299168609497047, 0.19850101189353797, 0.10077046216178953], "9": [0.25950276788609195, 0.1223046865069124, 0.19421871696316395, 0.07747748988679382, 0.24896396554121036, 0.20401225687311353, 0.37879375202761323, 0.21874018501928805]}