{"0": [-0.2823360853757384, 0.5621422382693426, -0.27754975493753253, -0.3229864523976964, 0.554831400587871, 0.011800273855826493, -0.2541264394336247, -0.08068752387549671], "1": [-0.2570204419870614, 0.5936617702801534, -0.21280249051137323, -0.3046926540153976, 0.5496631190433909, 0.0036000077760454108, -0.24978950236335473, -0.07647451985999854], "2": [-0.2671669927280569, 0.506820622553303, -0.2074855156484996, -0.35159961201882384, 0.5881225575533167, 0.02360219125857732, -0.24236585103896324, -0.0750704910767166], "3": [-0.27027866962200964, 0.46117426083475355, -0.15238912354538936, -0.2873376144346407, 0.6402550544151611, 0.019401217103475643, -0.24669463048085039, -0.07346606811868162], "4": [-0.2630222029084688, 0.6143163495921771, -0.11948409858437414, -0.34606634937877034, 0.4954186403023706, 0.026002930224795495, -0.23907084457471006, -0.06163902415523426], "5": [-0.2823360853757384, 0.42179632632513764, -0.04481499944964251, -0.3545837075773055, 0.6578285762747442, 0.04541561059417498, -0.2508216680198998, -0.0750704910767166], "6": [-0.2646795595159661, 0.5312367140934788, 0.050221108280608995, -0.13924958248845432, 0.7369061807686181, 0.02080150011073867, -0.2506152130877153, -0.08108883603469752], "7": [-0.24607594645099495, 0.6271012299118506, 0.10499279147333218, -0.3227755542820392, 0.2938089030065194, 0.04942011439403493, -0.2417478339803667, -0.09735370940879662], "8": [-0.282960877027137, 0.1558299032362107, -0.2541264394336247, -0.3377870411614492, 0.6882674432009894, 0.02420236270404863, -0.2502023359457064, -0.08911791562311211], "9": [-0.25826140146853005, 0.6402550544151611, -0.12431998972196534, -0.08550414814679663, 0.6856806845660044, 0.01580065745919379, -0.23639560068652554, -0.0991624339314996]}