{"0": [0.07406770430332799, 0.021001543806387968, -0.009400138436171268, 0.13924958248845454, 0.15238912354538958, 0.09855948988764629, 0.007200062209451241, 0.08891712058614498, -0.051622925494863914, 0.022001775053300587], "1": [0.08429981003812692, 0.02380224745158488, -0.028803982798750516, 0.13521161744486698, 0.14288570406857448, 0.09474166968862896, 0.006200039722020545, 0.07005729308805031, -0.059034283564020074, 0.01580065745919379], "2": [0.08530341654261098, 0.019001143352413985, -0.021001543806387968, 0.12875545586052173, 0.09795658178859346, 0.09233113182542008, 0.01100022184541305, 0.04721754326798111, -0.04801845113654735, 0.001600000682667524], "3": [0.07647451985999854, 0.011600260165087306, -0.016000682745321848, 0.1041883957412959, 0.08670861058929868, 0.05983569867550731, -0.002600002929342038, 0.03160526144725173, -0.06644888955134975, -0.010400187486458545], "4": [0.06965631510229064, 0.016400735246325127, -0.014400497710443494, 0.09032276179227394, 0.08550414814679663, 0.034606907344452376, -0.006800052406423784, 0.01040018748645899, -0.07346606811868162, -0.0022000017746706124], "5": [0.08429981003812692, 0.029404237012243595, -0.025202667930479317, 0.0676515921268781, 0.04761799338128503, 0.0022000017746706124, -0.0010000001666665703, -0.03180536201238526, -0.06304174910906446, -0.008400098787136434], "6": [0.06925534833394242, 0.01960125513965738, -0.019001143352413763, 0.040210835349512086, 0.021601679968736853, -0.012000288018663818, 0.0004000000106665347, -0.00960014746211546, -0.05703091071436983, -0.03480702786263423], "7": [0.048819389831603166, 0.0024000023040058327, -0.015200585362194374, 0.029204151107594, -0.012000288018663818, -0.0340065540766703, 0.01080020996302089, -0.024602481831916823, -0.06684977962814953, -0.02860390037849636], "8": [0.06705022869744659, 0.02300202831621112, -0.025802863109693153, 0.0010000001666667924, -0.042412714459250545, -0.037809007484817414, -0.018401038408877968, -0.03981051496231336, -0.06584757446822298, -0.018000972141744898], "9": [0.03580765153241816, 0.004200012348098081, -0.019201179843732374, -0.034606907344452376, -0.06364295480974524, -0.051622925494863914, -0.007200062209451241, -0.051622925494863914, -0.039610357166428134, -0.016200708671695763], "10": [0.04081132803975174, 0.01960125513965738, -0.02340213601035912, -0.034606907344452376, -0.08409909898268353, -0.05502776698110079, -0.002000001333335666, -0.05202346322794993, -0.06504585807461072, -0.019001143352413763], "11": [0.03280588410777363, 0.00900012150442886, -0.01740087812364277, -0.04461479934037915, -0.09675087252282921, -0.057832231905622145, -0.00960014746211546, -0.032005463851450866, -0.06183940593496384, -0.02180172707470751], "12": [0.020201373986970417, 0.01600068274532207, -0.034606907344452376, -0.05262428551131482, -0.08871632914360905, -0.04821868290011899, -0.011600260165087084, -0.025402731970558756, -0.07166131851379576, -0.016000682745321848], "13": [0.004400014197456947, 0.01800097214174512, -0.008200091897447193, -0.07005729308805031, -0.09594714483142619, -0.07446881000183381, 0.01100022184541305, -0.031004967315081844, -0.04481499944964251, -0.010000166674166922], "14": [-0.0014000004573337943, 0.02320208169891025, -0.011000221845412828, -0.08289490367451635, -0.0802862247389915, -0.07286445857303159, -0.004400014197456947, -0.026002930224795273, -0.05963534131062498, -0.016200708671695763], "15": [0.0014000004573337943, 0.01580065745919379, -0.020601457247629185, -0.08209217383954837, -0.08751165550742779, -0.060637152265228034, -0.0030000045000180275, -0.021001543806387968, -0.06203979020092332, -0.0034000065507007182], "16": [-0.0030000045000180275, 0.007600073164568455, -0.03160526144725151, -0.05683058616474579, -0.07126029500405195, -0.05502776698110079, 0.00520002343495185, -0.026202998380952858, -0.04921987090075253, 0.0028000036586797172], "17": [-0.0006000000360000257, -0.00180000097200117, -0.019801293960290733, -0.04721754326798089, -0.06324214846335385, -0.029404237012243595, -0.012600333419820808, 0.0060000360005831865, -0.053225126809545165, -0.0012000002880001581], "18": [0.011800273855826493, 0.034406788212759665, -0.029404237012243595, -0.030204592486422266, -0.06023642062806811, -0.05022110828060877, 0.014800540351929792, 0.009400138436171268, -0.04121166466689763, 0.004600016222821468], "19": [0.018601072642999705, 0.005000020833567653, -0.009400138436171268, -0.02360219125857732, -0.044014209716322306, -0.058232906410576435, -0.017800940092709272, 0.004200012348098081, -0.049019629382637486, -0.017000818939840734], "20": [0.02300202831621112, 0.008000085335791107, -0.007400067538997801, -0.0010000001666665703, -0.04221253528943891, -0.03120506410663526, 0.008200091897447415, -0.007400067538997801, -0.03880974177965979, -0.015000562556960695], "21": [0.030404684359021994, 0.03340621307014602, 0.001800000972001392, -0.0008000000853334299, -0.03480702786263423, -0.03800915128108362, -0.01660076247721909, -0.004800018432191022, -0.06544671100566868, -0.00960014746211546], "22": [0.01660076247721931, 0.01200028801866404, -0.03320610208850261, -0.03900989327294768, -0.030804871765317987, -0.022601924304985532, 0.013200383358059176, -0.02340213601035912, -0.06684977962814953, -0.018201004911130525], "23": [0.004200012348098081, 0.006600047916939467, -0.017200848187589157, -0.013400401049739719, -0.04001067435398897, -0.02320208169891047, -0.0034000065507007182, -0.03260577709260826, -0.05582899749990089, -0.032005463851450866], "24": [0.027403429629465847, 0.017200848187589157, -0.01660076247721909, -0.007200062209451241, -0.045415610594175204, -0.018801107621507107, -0.011800273855826271, -0.020801500110738447, -0.057832231905622145, -0.021401633727370806], "25": [0.03300599243705871, 0.009200129786276712, -0.026002930224795273, -0.012000288018663818, -0.06203979020092332, -0.03220556697248478, 0.003800009145392913, -0.015400608775638647, -0.06344255036086555, -0.012000288018663818], "26": [0.009600147462115904, 0.011800273855826493, -0.004000010666743492, -0.028003659958046878, -0.04081132803975196, -0.046416665708659544, 0.005600029269746454, -0.033406213070145796, -0.06524628322778048, -0.0352072730906392], "27": [0.02360219125857732, 0.01840103840887819, -0.033606325390027614, -0.020401415209044815, -0.08470124236968446, -0.05482746489672796, -0.014200477257973354, -0.03480702786263423, -0.05963534131062498, -0.028203738966173342], "28": [0.017200848187589157, 0.03160526144725173, -0.008400098787136434, -0.05442686732560764, -0.09313458396835395, -0.053425411505618525, -0.00960014746211546, -0.026803209176006204, -0.06304174910906446, -0.007600073164568233], "29": [0.013200383358059176, 0.0, -0.019801293960290733, -0.04201235781214674, -0.08570488320469583, -0.08108883603469752, 0.001600000682667524, -0.045215405068466774, -0.06965631510229087, -0.020801500110738447]}