{"0": [-0.1003684307563859, -0.022401873660421456, 0.10982061675334043, -0.07587277490508293, -0.13299168609497025, 0.15016370779164645, 0.0034000065507009403, 0.014000457373674724], "1": [-0.1443002624958356, 0.1269406441434382, -0.012800349551105539, 0.010600198512703995, -0.09695181422163657, 0.03620791098731546, -0.10197665470683792, -0.08871632914360905], "2": [-0.08209217383954837, 0.04081132803975174, -0.09052358222243684, -0.09032276179227394, 0.06945583032002811, -0.023802247451584657, -0.13904763050983693, 0.15157979404031785], "3": [0.058232906410576435, -0.015800657459193568, -0.14895016112934134, 0.15340092697538132, 0.02640306758619082, 0.12875545586052173, 0.03740872442997234, -0.1534009269753811], "4": [0.03340621307014602, 0.12250619422765574, 0.025002604899361236, -0.15178211701548783, -0.09313458396835395, -0.04721754326798089, -0.07286445857303159, 0.03700844737170561], "5": [-0.08309559447852077, -0.04921987090075253, -0.07146080531993393, 0.032205566972485, 0.09614807090538391, 0.06284135228985277, 0.10680293201860835, 0.30637035312813854], "6": [0.07126029500405218, 0.07085928297348865, 0.10157457407001447, 0.2986183663710251, 0.2526802551420788, 0.16514970407821905, 0.3042733677118523, -0.08550414814679663], "7": [0.23824750774393033, 0.17326563363386027, 0.3217212865878194, -0.10599838209696455, -0.34139297303600413, -0.46139760452331413, -0.22735358205532052, 0.12532783116806545], "8": [-0.3384230487975979, -0.4616209730156944, -0.2442204699799122, 0.10800988720139415, 0.012800349551105539, 0.3025967735297477, 0.15036598718441607, 0.08690936654313774], "9": [-0.019801293960290733, 0.31498267643684796, 0.1554250098824963, 0.1041883957412959, 0.20993875504927884, 0.2698636250488766, 0.22591684157547975, 0.33482087806660155]}