{"0": [0.05582899749990089, 0.02900406637244002, -0.13521161744486676, 0.006400043691471957, -0.05663026389816106, 0.03480702786263423, 0.07667510766659458, -0.05262428551131482], "1": [-0.05622962618164551, 0.011600260165087306, 0.06344255036086577, -0.04821868290011899, -0.14753463581855986, 0.12431998972196534, -0.02360219125857732, -0.1868859765422628], "2": [-0.14955690672189514, 0.12895712782047108, -0.007600073164568233, -0.1997251989780866, 0.11143045750740121, -0.1698149868193859, 0.11626173732332723, -0.03380643905618874], "3": [0.0913269006339259, -0.17692153346630413, 0.11646309902625562, -0.0264030675861906, -0.013200383358059176, 0.21935487308362434, 0.11968553720847241, -0.17529639706756406], "4": [0.0036000077760454108, 0.21628226991415755, 0.11746997886724508, -0.18322344107964605, -0.22940689801539205, -0.046216450994050584, 0.001800000972001392, 0.046016238133373966], "5": [-0.22571163173279674, -0.05763189814265757, -0.003800009145392913, 0.04361382547268655, -0.06444459828188176, 0.11545633777919106, 0.19890904066724513, 0.23989434666069975], "6": [-0.08128949701840371, 0.11042427332235483, 0.2007455865848664, 0.25350657983401637, 0.2785897023916506, 0.22366006346649114, 0.21484909986242795, -0.03740872442997256], "7": [0.2506152130877155, 0.234955799844633, 0.22468572735846348, -0.030804871765317987, -0.3936913714460175, -0.4374158152453298, -0.1997251989780866, 0.04841891659842901], "8": [-0.38785109809567664, -0.4444927769358191, -0.24999591371483243, 0.05843324716881049, 0.2142350214872215, 0.028603900378496583, 0.18281664701797373, 0.260123604419227], "9": [0.20952979316762144, 0.017000818939840956, 0.1909584397678381, 0.25888203366573426, 0.04441460102045269, 0.41348165076440524, 0.3221429491387535, 0.18342684960570188]}