{"0": [-0.037809007484817414, 0.049820607338454836, -0.1451087119772343, -0.0342066704595132, -0.037208585155291685, 0.0014000004573337943, -0.033005992437058485, -0.047417767373429065], "1": [-0.03660817624561652, 0.011800273855826493, -0.04041099795694114, -0.039610357166428134, 0.07787869970821193, 0.027403429629465847, -0.14369398773449515, 0.01600068274532207], "2": [0.09795658178859346, 0.038209296600648646, -0.12673902445293317, 0.0008000000853334299, -0.06785205203775102, 0.03740872442997234, -0.046416665708659544, -0.10499279147333218], "3": [-0.07146080531993393, 0.04721754326798111, -0.05723123755515114, -0.10740638997653296, 0.23063935975077654, 0.02520266793047976, 0.10619951310024289, -0.12512625267412303], "4": [0.21771589140610925, 0.010600198512703995, 0.12391688874000284, -0.1055961329941899, -0.20830312058858458, 0.029404237012243595, -0.010600198512703773, 0.004800018432191022], "5": [-0.21259787949322595, 0.017800940092709494, -0.00180000097200117, -0.010000166674166922, -0.0004000000106665347, 0.10438948831068129, 0.11807416413911098, 0.052824563820495385], "6": [0.015000562556960917, 0.08630710918335627, 0.11545633777919106, 0.0676515921268781, 0.28879778127034195, 0.33376227702074024, 0.24834492664358443, -0.004200012348097859], "7": [0.30133990380998465, 0.32572948729463014, 0.2665449762842589, 0.01760090875601228, -0.42267335067959677, -0.4484840477236389, -0.29819987114639557, 0.07266392793934817], "8": [-0.43212344509221423, -0.42574566856993523, -0.30951844489700253, 0.052223735223142054, 0.1669748117493164, 0.09675087252282966, 0.18078313410748947, 0.16474420019856728], "9": [0.16717763603629687, 0.07747748988679382, 0.1954418582098496, 0.16028544579844417, 0.15319855365995272, 0.4464874590418657, 0.130167270642082, 0.36334197071808894]}