{"0": [0.050020856805770064, 0.03720858515529191, -0.15259147161971143, 0.04001067435398897, -0.07667510766659436, 0.03140516214801381, 0.015400608775638647, -0.03860959184188317], "1": [-0.020601457247629185, 0.058232906410576435, 0.042212535289439135, -0.009200129786276934, -0.1679890026981561, 0.1013735399348461, 0.001800000972001392, -0.021201588342593336], "2": [-0.053225126809545165, 0.06644888955134998, -0.05542837778801779, -0.15603235956748285, 0.07747748988679382, -0.11908123594201903, -0.007600073164568233, -0.02280197585424215], "3": [0.09293371530022698, -0.026603137848533187, 0.09936342330618442, 0.020001333573390623, -0.0006000000360000257, 0.1694091633813024, -0.007200062209451241, -0.02420236270404863], "4": [0.006400043691471957, 0.08490196366231895, 0.06464501560981395, -0.1360190308727074, -0.214439705150957, -0.06524628322778048, -0.002800003658679495, -0.05222373522314161], "5": [-0.10117250991066928, 0.01960125513965738, -0.04341363597838055, 0.09735370940879662, -0.06664933324883782, 0.08068752387549694, 0.019801293960290955, -0.049820607338454614], "6": [-0.009000121504428638, 0.06143864485359596, 0.16150114717705133, 0.2865035164019847, 0.22468572735846348, 0.18790379564496607, -0.0060000360005831865, -0.036808311071163224], "7": [0.1799699410128206, 0.08470124236968424, 0.15603235956748307, 0.004400014197456947, -0.36376994379599603, -0.3314347196913874, 0.002000001333335888, 0.00900012150442886], "8": [-0.16961207157473757, -0.07466936734830942, -0.26033057271656035, 0.09393809641193362, 0.18953271650186876, 0.05062161728522163, 0.01840103840887819, 0.0280036599580471], "9": [0.13258813336237352, 0.04081132803975174, 0.1588674293224197, 0.30804894308089503, 0.040210835349512086, 0.285044337481813, 0.006600047916939467, -0.0030000045000180275]}