{"0": [0.08831475700868219, 0.0750704910767166, 0.119282664831732, 0.129763868489422, 0.15036598718441607, 0.1999292596037905, 0.16900336811172134, 0.05462716501426623, 0.007400067538997801, -0.010600198512703773], "1": [0.10016742116155974, 0.09273285039257173, 0.11344316682010147, 0.11525499966757757, 0.16109588672084518, 0.16150114717705133, 0.14975916756922847, 0.03700844737170561, -0.0004000000106665347, -0.018801107621507107], "2": [0.11827556884200452, 0.0983585165385692, 0.1358171691717922, 0.12512625267412325, 0.11304058829698804, 0.13178109298459462, 0.09614807090538391, 0.011800273855826493, -0.03220556697248478, -0.02560279702762225], "3": [0.1229092246764012, 0.1013735399348461, 0.114651013455493, 0.11203422233235938, 0.10961940683665161, 0.10479168616829782, 0.08309559447852077, 0.008000085335791107, -0.027603505297721265, -0.0078000790941654685], "4": [0.10539501487787195, 0.07888177936387586, 0.10841224061194388, 0.08128949701840393, 0.08108883603469796, 0.07647451985999854, 0.026202998380952858, 0.003200005461358346, -0.011200234167885403, -0.02220182391253256], "5": [0.1090158037873381, 0.06464501560981395, 0.08008558003365907, 0.04901962938263793, 0.04721754326798111, 0.06043678523200735, 0.01040018748645899, -0.01380043804954112, -0.0364080428870166, -0.02860390037849636], "6": [0.09494257257541028, 0.07286445857303159, 0.0704582823566382, 0.037809007484817414, 0.02880398279875096, 0.012800349551105539, -0.02300202831621112, -0.039210046329801074, -0.028803982798750516, -0.0264030675861906], "7": [0.061639024155234035, 0.021401633727371028, 0.05042136177106227, 0.02300202831621112, 0.012800349551105539, -0.024602481831916823, -0.04461479934037915, -0.047417767373429065, -0.036808311071163224, -0.019201179843732374], "8": [0.06745113493864663, -0.004400014197456947, 0.006400043691471957, -0.004400014197456947, 0.0008000000853334299, -0.03580765153241816, -0.06083752173586321, -0.0364080428870166, -0.046416665708659544, -0.020801500110738447], "9": [0.03740872442997234, 0.007400067538997801, -0.004600016222821024, -0.021001543806387968, -0.03540739781655122, -0.06103789365204637, -0.06504585807461072, -0.05362569834686126, -0.05602931071548389, -0.016800790372387686], "10": [0.017000818939840956, -0.037809007484817414, -0.029804412362153476, -0.02860390037849636, -0.05943498634250166, -0.06023642062806811, -0.10016742116155974, -0.04581602711855348, -0.05542837778801779, -0.015400608775638647], "11": [-0.009000121504428638, -0.03880974177965979, -0.013600419277564946, -0.04381401671597773, -0.07085928297348865, -0.07727688966624058, -0.08992113188110396, -0.046216450994050584, -0.026202998380952858, -0.009200129786276934], "12": [-0.024002304597401602, -0.03260577709260826, -0.05262428551131482, -0.05803256799222112, -0.05562868652678321, -0.08108883603469752, -0.07005729308805031, -0.05102213441702763, -0.018401038408877968, -0.015000562556960695], "13": [-0.04701732105685963, -0.05502776698110079, -0.05803256799222112, -0.05602931071548389, -0.05923463376300897, -0.07888177936387586, -0.08490196366231895, -0.03740872442997256, -0.008600106012861541, -0.014400497710443494], "14": [-0.05923463376300897, -0.05242400931489688, -0.049820607338454614, -0.05582899749990089, -0.06284135228985233, -0.07266392793934773, -0.058232906410576435, -0.03480702786263423, -0.027003281576635008, -0.010000166674166922], "15": [-0.04561581794151226, -0.06163902415523426, -0.05923463376300897, -0.034606907344452376, -0.0750704910767166, -0.06644888955134975, -0.03880974177965979, -0.00520002343495185, -0.012800349551105539, -0.011600260165087084], "16": [-0.05803256799222112, -0.053024844250537884, -0.05222373522314161, -0.05943498634250166, -0.053225126809545165, -0.04701732105685963, -0.03700844737170539, -0.03800915128108362, 0.007000057167927398, -0.02160167996873663], "17": [-0.0662484485275241, -0.04461479934037915, -0.06304174910906446, -0.03160526144725151, -0.04761799338128503, -0.04061116218433436, -0.032005463851450866, -0.015800657459193568, -0.025202667930479317, -0.010200176876281164], "18": [-0.06023642062806811, -0.0704582823566382, -0.050421361771062045, -0.05082187483117884, -0.03220556697248478, -0.022001775053300587, -0.03600778053846487, -0.020801500110738447, -0.030804871765317987, -0.005800032519158949], "19": [-0.07386715593489623, -0.05622962618164551, -0.050421361771062045, -0.030804871765317987, -0.03740872442997256, -0.028003659958046878, -0.03160526144725151, -0.01480054035192957, -0.011000221845412828, -0.009800156872113108], "20": [-0.0794836652705373, -0.03700844737170539, -0.026803209176006204, -0.025202667930479317, -0.023802247451584657, -0.038209296600648424, -0.03760886520379736, -0.03220556697248478, -0.009400138436171268, -0.006800052406423784], "21": [-0.05703091071436983, -0.02960432409441993, -0.03580765153241816, -0.017000818939840734, -0.0024000023040058327, -0.02160167996873663, -0.03060477744930923, -0.03580765153241816, -0.030404684359021994, -0.01960125513965716], "22": [-0.026202998380952858, -0.036808311071163224, -0.024802542869180932, -0.014000457373674724, -0.02280197585424215, -0.02340213601035912, -0.03140516214801359, -0.03380643905618874, -0.033005992437058485, 0.004000010666743492], "23": [-0.014200477257973354, -0.02280197585424215, -0.016400735246324905, -0.017000818939840734, -0.03700844737170539, -0.015200585362194374, -0.029804412362153476, -0.022601924304985532, -0.015200585362194374, -0.032805884107772965], "24": [-0.026002930224795273, -0.06003605844527837, -0.021401633727370806, -0.012400317792655713, -0.01960125513965716, -0.033005992437058485, -0.04181218201930936, -0.04041099795694114, -0.027003281576635008, -0.004000010666743492], "25": [-0.016200708671695763, -0.030404684359021994, -0.02160167996873663, -0.005800032519158949, -0.024402421779546435, -0.049620359870572894, -0.06364295480974524, -0.04181218201930936, -0.035607523961129095, -0.021001543806387968], "26": [-0.018601072642999483, -0.03740872442997256, -0.043013262204449676, -0.016000682745321848, -0.03880974177965979, -0.05943498634250166, -0.07146080531993393, -0.05723123755515114, -0.019201179843732374, -0.012600333419820808], "27": [-0.030204592486422266, -0.04821868290011899, -0.02320208169891047, -0.020801500110738447, -0.035007149775348356, -0.060637152265228034, -0.05723123755515114, -0.05462716501426623, -0.03840944345156383, -0.007200062209451241], "28": [-0.029004066372439796, -0.032005463851450866, -0.02320208169891047, -0.04381401671597773, -0.06224017696125128, -0.08409909898268353, -0.06985680268890593, -0.04461479934037915, -0.03260577709260826, -0.024402421779546435], "29": [-0.03480702786263423, -0.04661688228527838, -0.05622962618164551, -0.023802247451584657, -0.061438644853595736, -0.0836976870511752, -0.07687569856435683, -0.03220556697248478, -0.014200477257973354, -0.016000682745321848]}