{"0": [0.16900336811172134, 0.2076899036686628, 0.04321344822499107, 0.2025828190994754, 0.18424056056138083, 0.17082966912910447, -0.009200129786276934, 0.012800349551105539, -0.0036000077760454108, 0.037809007484817414], "1": [0.18953271650186876, 0.20442074519014408, 0.033806439056188964, 0.1917733150439047, 0.16575801130951628, 0.1487479248855248, 0.01600068274532207, 0.006200039722020545, 0.0006000000360000257, 0.04521540506846722], "2": [0.2101432493504123, 0.2046250023174765, 0.04321344822499107, 0.1797666615583411, 0.13622089815073668, 0.11505366624874891, -0.024802542869180932, 0.005000020833567653, -0.017000818939840734, 0.011400246938441772], "3": [0.2054421175101342, 0.1791568682132103, 0.04561581794151226, 0.15663976728593187, 0.1356153130393032, 0.08389839132311883, -0.009800156872113108, 0.014400497710443938, 0.0010000001666667924, 0.004600016222821468], "4": [0.1716415428267304, 0.18017322798573732, 0.04281307790869038, 0.11827556884200452, 0.10619951310024289, 0.05763189814265801, -0.035007149775348356, -0.004400014197456947, 0.017000818939840956, 0.031205064106635705], "5": [0.17753108113734117, 0.13945154018346773, 0.0280036599580471, 0.09715275984751082, 0.07366661054274704, 0.01760090875601228, -0.015800657459193568, 0.0008000000853334299, 0.005800032519158949, 0.019201179843732374], "6": [0.13985547275757493, 0.11787276424802862, 0.039210046329801296, 0.04201235781214696, 0.025002604899361236, -0.004600016222821024, -0.030004501823476915, -0.0024000023040058327, -0.005000020833567653, 0.02700328157663523], "7": [0.125932597401337, 0.08530341654261098, 0.028203738966173786, 0.027403429629465847, -0.012600333419820808, -0.008200091897447193, -0.012000288018663818, -0.010400187486458545, -0.006200039722020323, 0.029804412362153476], "8": [0.09373721261874013, 0.05683058616474579, 0.02880398279875096, -0.0032000054613585682, -0.012200302661605544, -0.03860959184188317, -0.045215405068466774, -0.016800790372387686, 0.001600000682667524, 0.006800052406423784], "9": [0.07868115710246726, 0.03060477744930945, 0.005000020833567653, -0.027003281576635008, -0.030204592486422266, -0.05602931071548389, -0.02220182391253256, -0.0078000790941654685, 0.01380043804954112, 0.003200005461358346], "10": [0.036808311071163446, -0.002600002929342038, 0.014600518739093404, -0.039210046329801074, -0.0704582823566382, -0.057431566695207215, -0.02300202831621112, -0.021201588342593336, -0.005000020833567653, 0.036808311071163446], "11": [-0.008600106012861541, -0.010600198512703773, 0.0004000000106665347, -0.0674511349386464, -0.06885439271760352, -0.07406770430332776, -0.015800657459193568, -0.014400497710443494, -0.002600002929342038, 0.028603900378496583], "12": [-0.024002304597401602, -0.04441460102045269, -0.013600419277564946, -0.06464501560981395, -0.059034283564020074, -0.07667510766659436, -0.0176009087560125, -0.00520002343495185, 0.013600419277564946, 0.03140516214801381], "13": [-0.05622962618164551, -0.06384336181813888, 0.00020000000133335583, -0.07928303343968324, -0.06484543553800637, -0.09474166968862918, -0.028403819103646866, -0.019401217103475865, -0.00020000000133335583, 0.030404684359021994], "14": [-0.05983569867550753, -0.07166131851379576, 0.008400098787136656, -0.0780793093255161, -0.0784805380144209, -0.0514226597407752, -0.011800273855826271, -0.004800018432191022, 0.02080150011073867, 0.020201373986970417], "15": [-0.07687569856435683, -0.0784805380144209, 0.016800790372387908, -0.06183940593496384, -0.06224017696125128, -0.04661688228527838, -0.030204592486422266, -0.006200039722020323, 0.0024000023040058327, 0.01840103840887819], "16": [-0.06043678523200713, -0.07968430030766416, -0.013400401049739719, -0.0802862247389915, -0.06023642062806811, -0.05863359027504611, -0.025202667930479317, -0.024402421779546435, 0.0078000790941654685, 0.025002604899361236], "17": [-0.08249353209732013, -0.07466936734830942, -0.007000057167927176, -0.057431566695207215, -0.05482746489672796, -0.035007149775348356, -0.02300202831621112, 0.0, 0.0006000000360000257, -0.0060000360005831865], "18": [-0.08088817832314166, -0.06003605844527837, 0.014000457373674724, -0.05222373522314161, -0.04421440448179048, -0.04821868290011899, -0.01960125513965716, 0.005000020833567653, 0.009200129786276712, 0.03500714977534858], "19": [-0.08149016128250008, -0.060637152265228034, 0.022601924304985532, -0.02220182391253256, -0.04581602711855348, -0.046216450994050584, -0.033606325390027614, 0.008000085335791107, -0.007600073164568233, 0.03080487176531821], "20": [-0.08068752387549671, -0.046416665708659544, 0.0022000017746706124, -0.034606907344452376, -0.029804412362153476, -0.029004066372439796, -0.012200302661605544, 0.009200129786276712, 0.004800018432191022, 0.039210046329801296], "21": [-0.07085928297348865, -0.05562868652678321, 0.012800349551105539, -0.046216450994050584, -0.025202667930479317, -0.03180536201238526, -0.013400401049739719, -0.020801500110738447, -0.00020000000133335583, 0.03340621307014602], "22": [-0.045415610594175204, -0.024802542869180932, 0.0014000004573337943, -0.030804871765317987, -0.02320208169891047, -0.03140516214801359, -0.014000457373674724, -0.011000221845412828, 0.005800032519158949, 0.01580065745919379], "23": [-0.026002930224795273, -0.013000366194516166, 0.005000020833567653, -0.032005463851450866, -0.011400246938441772, -0.033406213070145796, -0.021201588342593336, -0.008000085335790885, 0.003800009145392913, 0.020001333573390623], "24": [-0.012800349551105539, -0.025002604899361014, 0.02360219125857732, -0.024602481831916823, -0.03860959184188317, -0.018401038408877968, -0.01480054035192957, -0.00960014746211546, 0.0012000002880003802, 0.014200477257973576], "25": [-0.03700844737170539, -0.01480054035192957, 0.005800032519158949, -0.01740087812364277, -0.027203355058446288, -0.02860390037849636, -0.029404237012243595, -0.021201588342593336, 0.00020000000133335583, 0.014400497710443938], "26": [-0.02220182391253256, -0.020601457247629185, 0.008800113582625002, -0.04801845113654735, -0.04201235781214674, -0.06123826802191212, -0.050421361771062045, -0.017200848187589157, -0.018401038408877968, 0.013600419277564946], "27": [-0.02560279702762225, -0.03220556697248478, 0.02300202831621112, -0.03860959184188317, -0.058232906410576435, -0.06203979020092332, -0.045415610594175204, -0.02300202831621112, -0.009000121504428638, 0.019401217103475643], "28": [-0.013400401049739719, -0.04341363597838055, 0.013200383358059176, -0.04461479934037915, -0.06985680268890593, -0.06183940593496384, -0.039610357166428134, -0.028203738966173342, 0.021201588342593558, 0.028603900378496583], "29": [-0.05082187483117884, -0.05462716501426623, 0.008200091897447415, -0.058232906410576435, -0.07908240480687212, -0.05222373522314161, -0.02860390037849636, -0.027003281576635008, -0.009000121504428638, 0.02080150011073867]}