{"0": [0.01800097214174512, 0.01740087812364277, 0.11908123594201925, -0.08630710918335627, -0.02320208169891047, 0.016400735246325127, -0.008800113582624558, 0.010000166674167144], "1": [-0.0032000054613585682, 0.007400067538997801, 0.02560279702762225, 0.01380043804954112, -0.009200129786276934, 0.030004501823477137, -0.011800273855826271, 0.006400043691471957], "2": [0.020401415209045037, -0.0008000000853334299, -0.09293371530022676, -0.09253198923707417, -0.018201004911130525, 0.019001143352413985, -0.01960125513965716, 0.009600147462115904], "3": [0.009200129786276712, 0.01880110762150755, -0.15137747731777318, 0.14895016112934156, -0.022001775053300587, 0.004400014197456947, -0.004600016222821024, 0.007600073164568455], "4": [-0.006200039722020323, 0.021201588342593558, 0.04341363597838077, -0.16048804605272982, 0.013400401049739719, 0.021601679968736853, 0.004000010666743492, 0.0], "5": [0.009200129786276712, 0.010600198512703995, -0.06003605844527837, 0.038609591841883395, -0.04161200790286412, 0.01740087812364277, -0.024802542869180932, 0.01960125513965738], "6": [0.01200028801866404, 0.011800273855826493, 0.08851554128721717, 0.2844191662255675, -0.06083752173586321, 0.012600333419820586, -0.010200176876281164, 0.016400735246325127], "7": [-0.0010000001666665703, 0.03540739781655122, 0.3120392005829429, -0.0662484485275241, 0.07807930932551632, 0.002000001333335888, -0.010400187486458545, 0.006400043691471957], "8": [0.0030000045000182496, 0.009800156872113108, -0.20094968949745673, 0.1824098835483614, -0.04441460102045269, 0.011600260165087306, -0.014200477257973354, -0.004800018432191022], "9": [-0.030404684359021994, 0.020601457247629407, 0.17204752249257127, 0.09152773945101722, -0.0674511349386464, 0.01960125513965738, -0.03060477744930923, 0.005000020833567653]}