{"0": [0.1608932665049576, 0.19584963769063668, 0.27463953632668536, 0.46095094193061437, 0.42904219565338675, 0.15704473812461694, 0.18871819272687929, 0.15056827277668616], "1": [0.1787503767394465, 0.2663376609560304, 0.47394501234341124, 0.413918503840331, 0.13420247529855134, 0.18749664442669678, 0.1465237287635448, -0.026803209176006204], "2": [0.26157262250943925, 0.4737202492989647, 0.4211387845337682, 0.15319855365995272, 0.1970731743898284, 0.1473324422910567, -0.02340213601035912, -0.18322344107964605], "3": [0.4890642055122214, 0.4215771241871793, 0.13077241383788651, 0.17732789118475956, 0.12472311101047584, -0.03600778053846487, -0.1771247086308123, -0.11022304998774657], "4": [0.40672105302006245, 0.12613419642485657, 0.1954418582098496, 0.15036598718441607, -0.02160167996873663, -0.18505439492549192, -0.131175869380332, -0.09654993474274587], "5": [0.15927254388661005, 0.17184452908396808, 0.14753463581855986, -0.03060477744930923, -0.18790379564496607, -0.1289571278204713, -0.08048687268352572, -0.23742433551112008], "6": [0.18261326146379764, 0.13864374366690457, -0.02280197585424215, -0.16758330544631828, -0.13077241383788651, -0.09052358222243684, -0.22242958247686606, -0.15461530016096137], "7": [0.12815047154031012, -0.03440678821275944, -0.19870502208985585, -0.1333952606156792, -0.0963490008730441, -0.2345445194422242, -0.16697481174931594, 0.03720858515529191], "8": [-0.03380643905618874, -0.17915686821321009, -0.12311074742151629, -0.09233113182542008, -0.22838011753879517, -0.15036598718441585, 0.038409443451564274, -0.04281307790869038], "9": [-0.1856648520435218, -0.137634125986271, -0.08429981003812692, -0.24339608947707947, -0.1354134624665555, 0.021601679968736853, -0.04381401671597773, -0.01660076247721909], "10": [-0.13622089815073624, -0.08128949701840371, -0.22017458826852, -0.1558299032362107, 0.015200585362194152, -0.05522807127549423, -0.021201588342593336, -0.21771589140610925], "11": [-0.10821106170831896, -0.22940689801539205, -0.16940916338130263, 0.04261289532964607, -0.026803209176006204, -0.012800349551105539, -0.2074855156484996, -0.06023642062806811], "12": [-0.23495579984463277, -0.1394515401834675, 0.009400138436171268, -0.03860959184188317, -0.019401217103475865, -0.20809870612902515, -0.05382598734137667, -0.22160945214303318], "13": [-0.14854569477050816, 0.019801293960290955, -0.03700844737170539, -0.02340213601035912, -0.21874018501928782, -0.0692553483339422, -0.20605504519182394, -0.12835212772905358], "14": [0.03760886520379736, -0.06183940593496384, -0.030804871765317987, -0.22735358205532052, -0.05723123755515114, -0.20687240431199982, -0.125932597401337, -0.04061116218433436], "15": [-0.04221253528943891, -0.02860390037849636, -0.20482926810351465, -0.07366661054274681, -0.2085075438806412, -0.1265374099420633, -0.025002604899361014, -0.08249353209732013], "16": [-0.011800273855826271, -0.21055226472187716, -0.0640437713941937, -0.19197705398727405, -0.12613419642485613, -0.045215405068466774, -0.0674511349386464, 0.10539501487787195], "17": [-0.22017458826852, -0.06424418354605832, -0.2160775037747722, -0.13460611559935587, -0.033406213070145796, -0.08972032238350347, 0.12431998972196534, 0.3000835248841598], "18": [-0.08570488320469583, -0.21648704526659301, -0.13178109298459462, -0.020201373986970195, -0.06304174910906446, 0.11827556884200452, 0.2910936110609448, 0.3420297923052751], "19": [-0.20830312058858458, -0.12915880505471744, -0.034606907344452376, -0.06484543553800637, 0.11485233751421631, 0.27630222446820674, 0.3678391824209464, 0.31498267643684796], "20": [-0.14106740858106326, -0.018601072642999483, -0.0742682556562404, 0.12734389909773935, 0.29297319195548366, 0.346278961934984, 0.32910902519994223, 0.4171975838100892], "21": [-0.00960014746211546, -0.07126029500405195, 0.11062550114649605, 0.2783816881913568, 0.3433038644415771, 0.3305887979657969, 0.408899723043193, 0.1588674293224197], "22": [-0.06705022869744637, 0.12774717487375598, 0.28358578220267483, 0.33080025534912516, 0.3343973909345266, 0.3943411618641721, 0.17854714220179724, 0.21812558093649637], "23": [0.133193470627482, 0.27526295283558055, 0.34372868401512036, 0.3582116929654324, 0.418291668263566, 0.15704473812461694, 0.19564574383095268, 0.136422771014568], "24": [0.2775497549375323, 0.3276299999139747, 0.3346091267063229, 0.40824590660223925, 0.15947511105090628, 0.22181447049679437, 0.11223548637708003, -0.1617037874353311], "25": [0.3331273029381676, 0.32636285558053024, 0.39304175636402783, 0.17407785191179848, 0.2101432493504123, 0.12996556690705008, -0.16393327437320293, -0.3409685069103219], "26": [0.3388471329794498, 0.4299221079950528, 0.16900336811172134, 0.2257116317327965, 0.13521161744486698, -0.15542500988249608, -0.33630357515398046, -0.5268349660258906], "27": [0.39542453666233346, 0.1694091633813024, 0.205646418027283, 0.11002183113422404, -0.16109588672084518, -0.34075629782409345, -0.5326291029063102, -0.4312426427724865], "28": [0.1797666615583411, 0.20687240431199982, 0.129763868489422, -0.1623117484386991, -0.3614169519276451, -0.5463827245063029, -0.4261849199452956, -0.3719148125032681], "29": [0.2085075438806412, 0.12250619422765574, -0.14935465203869347, -0.35117357989786924, -0.5319327658768764, -0.4405090790834387, -0.38698706194457344, -0.20013332866777245], "30": [0.12956217538057224, -0.14713025483061282, -0.3392712805562479, -0.5314686997030591, -0.4310224979903936, -0.3689110929939501, -0.1856648520435218, -0.07547162690709142], "31": [-0.16514970407821927, -0.34904441440304623, -0.5384430971696081, -0.43256398041158084, -0.36955445253422603, -0.18912543874027077, -0.07366661054274681, -0.15319855365995272], "32": [-0.3488315887498614, -0.5233678508825257, -0.428602372318986, -0.3958580237113476, -0.18078313410748947, -0.050020856805770064, -0.15988026518868348, 0.1716415428267304], "33": [-0.5431088611609578, -0.42882227293091746, -0.3800856411930742, -0.1970731743898282, -0.05382598734137667, -0.1617037874353311, 0.15623482234691632, 0.25536645836663974], "34": [-0.4456006990783079, -0.39195945306775326, -0.19360725679408453, -0.058232906410576435, -0.16596079413256826, 0.15097286259512366, 0.25371318862759407, 0.20176618610390018], "35": [-0.37771768503178493, -0.1993171030033447, -0.05863359027504611, -0.17346867735757798, 0.13924958248845454, 0.2592958451255303, 0.18668243626153846, 0.3019682771605978], "36": [-0.19116214653105934, -0.06845344818788957, -0.155020142214493, 0.15846234105108725, 0.26033057271656035, 0.19075474102614098, 0.31771843347932616, 0.10821106170831896], "37": [-0.05502776698110079, -0.1750932879946958, 0.16190643439237395, 0.25536645836663974, 0.18810738307073938, 0.31603460087070534, 0.12452154782361613, 0.23639560068652554], "38": [-0.16048804605272982, 0.16109588672084518, 0.25598661827369606, 0.18994002608667127, 0.31456200766748976, 0.11485233751421631, 0.24319002074042273, 0.007000057167927398], "39": [0.13884568423889343, 0.2605375524249527, 0.1777342784977547, 0.32066738922097726, 0.10780871708273976, 0.2370128109138685, 0.0030000045000182496, 0.03140516214801381], "40": [0.28400244887312476, 0.1952379808178537, 0.3015493479445708, 0.12492467929111961, 0.22119944383531176, 0.018601072642999705, 0.018601072642999705, 0.011800273855826493], "41": [0.1852578728688481, 0.30720953636526893, 0.11344316682010147, 0.21792073152539815, 0.004600016222821468, 0.022801975854242595, 0.0006000000360000257, 0.11867839271728675], "42": [0.29966484053230413, 0.11686583667187356, 0.23516145522635834, 0.014800540351929792, 0.017800940092709494, 0.005400026244344547, 0.11183296284481314, 0.06684977962814975], "43": [0.09996641562749287, 0.22263463880961543, 0.015200585362194152, 0.006400043691471957, -0.01660076247721909, 0.11948409858437459, 0.06304174910906424, 0.012800349551105539],