{"0": [-0.10780871708273976, 0.07607335348745403, -0.1679890026981561, -0.20768990366866258, -0.2214044432591813, -0.21239327751179693, 0.0, -0.049620359870572894], "1": [-0.1360190308727074, 0.06504585807461072, -0.2066680514089383, -0.18505439492549192, -0.1536033066232847, -0.17062671849197097, -0.021001543806387968, -0.05442686732560764], "2": [-0.07787869970821237, 0.03080487176531821, -0.12170019325655912, -0.09936342330618442, -0.14187548157994434, -0.06785205203775102, -0.00960014746211546, -0.05202346322794993], "3": [-0.05422657182264401, -0.03120506410663526, -0.06785205203775102, 0.014000457373674724, -0.017000818939840734, 0.03300599243705871, -0.004000010666743492, -0.045415610594175204], "4": [0.02520266793047976, -0.09554530433126862, 0.015600632805302217, 0.08992113188110396, 0.06825298006008906, 0.14308776615251761, -0.021201588342593336, -0.033406213070145796], "5": [0.08871632914360905, -0.137634125986271, 0.08610636371470659, 0.12431998972196534, 0.1412694181164471, 0.20360380307549075, -0.005000020833567653, -0.037809007484817414]}