{"0": [-0.005400026244344325, 0.02320208169891025, -0.032805884107772965, 0.029404237012243595, -0.025202667930479317, 0.020201373986970417, 0.008600106012861763, 0.010000166674167144], "1": [0.0004000000106665347, 0.06424418354605854, 0.024402421779546657, 0.026603137848533187, -0.03260577709260826, 0.02320208169891025, 0.009800156872113108, -0.008600106012861541], "2": [0.003200005461358346, 0.038609591841883395, -0.051622925494863914, 0.016200708671695985, -0.036808311071163224, 0.01100022184541305, -0.018401038408877968, 0.013600419277564946], "3": [-0.002800003658679495, 0.03620791098731546, -0.020201373986970195, 0.03260577709260826, -0.013000366194516166, 0.0, 0.0034000065507009403, 0.001800000972001392], "4": [0.017200848187589157, 0.047417767373429065, 0.009600147462115904, 0.05402627849726915, -0.0364080428870166, 0.014200477257973576, 0.0006000000360000257, -0.003800009145392913], "5": [0.013400401049739719, 0.045015201356314316, -0.10137353993484588, 0.029404237012243595, -0.0264030675861906, 0.024602481831916823, -0.013200383358059176, 0.004600016222821468], "6": [-0.005400026244344325, 0.05562868652678321, 0.09454077063721766, 0.03140516214801381, -0.026803209176006204, 0.012600333419820586, 0.004200012348098081, 0.008400098787136656], "7": [0.0012000002880003802, 0.04341363597838077, 0.1461194082259949, 0.029404237012243595, -0.03800915128108362, -0.007000057167927176, 0.006600047916939467, 0.013200383358059176], "8": [-0.007400067538997801, 0.02900406637244002, -0.21177952569022618, 0.02360219125857732, -0.027603505297721265, 0.006800052406423784, 0.006600047916939467, 0.04661688228527816], "9": [0.011200234167885181, 0.029804412362153476, 0.06584757446822298, 0.034406788212759665, -0.034606907344452376, -0.005600029269746232, -0.004400014197456947, -0.002000001333335666]}