{"0": [0.012800349551105539, -0.12008842910514828, -0.10016742116155974, 0.08289490367451635, -0.09092523407341191, 0.0706587812424404, -0.03320610208850261, -0.11344316682010125], "1": [-0.09192942820039574, 0.03900989327294768, -0.038209296600648424, -0.09876046723058929, 0.06705022869744659, 0.028203738966173786, -0.05182319332122298, -0.15825980675287266], "2": [0.05943498634250188, 0.041812182019309585, -0.050421361771062045, -0.15117516683899446, -0.03260577709260826, 0.04721754326798111, -0.010000166674166922, 0.1229092246764012], "3": [-0.04801845113654735, 0.04541561059417498, -0.016400735246324905, 0.12734389909773935, 0.0030000045000182496, 0.04441460102045269, 0.08851554128721717, -0.0078000790941654685], "4": [-0.002600002929342038, 0.050221108280608995, 0.08670861058929868, -0.0008000000853334299, -0.16129851360854963, -0.11283930593892477, 0.01200028801866404, 0.10338406766394881], "5": [-0.15522257284223406, -0.1273438990977389, -0.003800009145392913, 0.09112606551082547, -0.12190168602991469, 0.24855126213339562, 0.0925319892370744, 0.11324187525455631], "6": [-0.12976386848942179, 0.2508216680198996, 0.09916243393149982, 0.11102797029717615, 0.1868859765422628, 0.38374962728887163, 0.3312232161991113, -0.015600632805302217], "7": [0.2021744855147387, 0.36976894133277094, 0.3479804507291029, -0.0012000002880001581, -0.6182377478402137, -0.3346091267063229, -0.23927670457783412, 0.09514347930589007], "8": [-0.6182377478402137, -0.33080025534912494, -0.2324887220045191, 0.10841224061194388, 0.08329628863713068, 0.19584963769063668, -0.004000010666743492, 0.1777342784977547], "9": [0.06464501560981395, 0.1938110686938539, 0.0078000790941654685, 0.17103262687203835, 0.16596079413256826, 0.3021777622657622, 0.43146280985625385, 0.31540340287376334]}