{"0": [-0.1617037874353311, -0.1092170003620907, 0.004800018432191022, 0.03760886520379736, -0.031004967315081844, -0.04081132803975196, 0.10941820137571545, 0.03720858515529191], "1": [-0.017000818939840734, -0.12512625267412303, 0.11485233751421631, 0.05082187483117906, -0.1382398795849269, 0.08088817832314166, -0.07406770430332776, 0.10338406766394881], "2": [-0.13884568423889343, 0.009200129786276712, -0.09253198923707417, 0.11565768059207993, -0.06444459828188176, -0.019401217103475865, -0.03941020095827641, -0.032805884107772965], "3": [-0.0676515921268781, -0.09976541414581774, -0.05262428551131482, -0.0004000000106665347, 0.26033057271656035, 0.08409909898268353, -0.03760886520379736, 0.012200302661605544], "4": [0.25826140146853027, 0.02220182391253278, -0.04121166466689763, 0.03060477744930945, -0.0756721993810312, -0.20912086684870257, 0.0008000000853334299, 0.031004967315082066], "5": [-0.07146080531993393, -0.29067607037344545, -0.002800003658679495, 0.0640437713941937, 0.010200176876281164, 0.18586835329347196, 0.2506152130877155, 0.13803795605751068], "6": [0.009800156872113108, 0.1005694444203391, 0.2419538291903549, 0.15360330662328492, 0.32953174095409965, 0.29359995545696105, 0.2359841781946539, 0.12472311101047584], "7": [0.3341856707382793, 0.20585072725129883, 0.2205845022243842, 0.1467258980756645, -0.5284553457080841, -0.3982436098244042, -0.3984605998241644, 0.24813860194919468], "8": [-0.5503669176106638, -0.4551532865763288, -0.42113878453376796, 0.25784770320707895, 0.05843324716881049, 0.27651011551261573, 0.0676515921268781, 0.2372185680944352], "9": [0.050221108280608995, 0.19014369283622545, 0.0750704910767166, 0.255159760720552, 0.17225052306166133, 0.45026040467945716, 0.15178211701548783, 0.5277607098877515]}