{"0": [-0.3509605887760525, 0.47124956045900346, -0.5534202346968606, -0.0838983913231186, -0.1629197699736702, -0.23022849963753456, 0.050020856805770064, -0.4112986385658588], "1": [-0.3202459336164738, 0.4942823279000579, -0.510255251131001, -0.021401633727370806, -0.13884568423889343, -0.16474420019856706, 0.05082187483117906, -0.43168299925915], "2": [-0.26695964215936274, 0.5116309504225844, -0.42333134601220324, 0.057431566695207215, -0.13137760520103425, -0.1285537891662536, 0.04841891659842901, -0.44959409243736226], "3": [-0.268411343664295, 0.532396958826669, -0.40672105302006223, 0.047417767373429065, -0.11243675498743766, -0.08610636371470659, 0.0060000360005831865, -0.45070473207350203], "4": [-0.2574340500750967, 0.54497884480041, -0.43344532006988556, 0.03300599243705871, -0.11686583667187356, -0.11062550114649583, 0.03981051496231336, -0.45315024489465827], "5": [-0.24978950236335473, 0.5363477464196822, -0.3865551579831461, 0.05082187483117906, -0.1188798119067116, -0.09012194501459514, 0.04841891659842901, -0.4451574599563637], "6": [-0.276925934408514, 0.5701995032803127, -0.3930417563640276, 0.048819389831603166, -0.1166644654729374, -0.08189149968482945, 0.032405671383525014, -0.4631852486020691], "7": [-0.2636436247039089, 0.5816459864676466, -0.4290421956533865, 0.05082187483117906, -0.0977556203709895, -0.08088817832314166, 0.05302484425053833, -0.4755190804379861], "8": [-0.20197033154237265, 0.5052200377129079, -0.42113878453376796, 0.03160526144725173, -0.08289490367451635, -0.0794836652705373, 0.029404237012243595, -0.45582140325284026], "9": [-0.22037954054124964, 0.48657370616368345, -0.44006690884352895, 0.06324214846335408, -0.08409909898268353, -0.09795658178859346, 0.02900406637244002, -0.4829570035639992], "10": [-0.17082966912910447, 0.49997089914691495, -0.3496829903332437, 0.10177561232455234, -0.07687569856435683, -0.09253198923707417, 0.038609591841883395, -0.4728214558736965], "11": [-0.2031953837203988, 0.5123191985607676, -0.3884993253848714, 0.06043678523200735, -0.08189149968482945, -0.049820607338454614, 0.0364080428870166, -0.47957256421716443], "12": [-0.17814069547888622, 0.47057627649694966, -0.3792243078216686, 0.07908240480687212, -0.10318299615268445, -0.07025778630790125, 0.037809007484817414, -0.47192307548011136], "13": [-0.25288681976388205, 0.5619058814417901, -0.385259901107903, 0.039210046329801296, -0.11022304998774657, -0.09876046723058929, 0.027803582071238786, -0.47979800772518333], "14": [-0.2541264394336247, 0.5379772374199185, -0.4631852486020691, 0.08068752387549694, -0.09675087252282921, -0.08189149968482945, 0.04001067435398897, -0.46519825810347437], "15": [-0.22448057538142785, 0.5349522953096479, -0.38936389611594535, 0.02760350529772082, -0.10318299615268445, -0.08088817832314166, 0.03140516214801381, -0.4863474600455957], "16": [-0.2615726225094388, 0.4995151655338228, -0.4829570035639992, 0.05622962618164573, -0.08731088899392514, -0.09996641562749287, 0.030204592486422488, -0.45493062957587393], "17": [-0.2574340500750967, 0.4888376603268916, -0.4904240510258755, 0.10841224061194388, -0.06264095799757463, -0.14167345460714142, 0.028203738966173786, -0.4638560264284741], "18": [-0.26115856012407024, 0.4667653390472961, -0.5317007169557095, 0.0983585165385692, -0.07105978755796483, -0.14349190797671163, 0.030204592486422488, -0.4413936962633247], "19": [-0.27796569687737116, 0.4310224979903938, -0.5965600198168893, 0.12472311101047584, -0.029804412362153476, -0.1997251989780866, 0.03900989327294768, -0.41326325562980926], "20": [-0.3032253932381197, 0.46519825810347415, -0.5890844234192204, 0.09695181422163679, -0.09233113182542008, -0.2621938021819965, 0.0676515921268781, -0.4049795884672269], "21": [-0.29799064372412465, 0.42926214050370426, -0.5623786302933302, 0.04621645099405036, -0.11002183113422359, -0.3044830039578297, 0.03300599243705871, -0.423770117948703], "22": [-0.3088885740455749, 0.48115122495083673, -0.5771048994048424, -0.026803209176006204, -0.14531083925129273, -0.21137040281391406, 0.031004967315082066, -0.41479246167989015], "23": [-0.3671962486463103, 0.4949640317168944, -0.5934205056637409, -0.034606907344452376, -0.14167345460714142, -0.24566354385065825, 0.04341363597838077, -0.42267335067959677], "24": [-0.26965612063435995, 0.5240607174305394, -0.43874094979637857, -0.012400317792655713, -0.1354134624665555, -0.1600828521800841, 0.041812182019309585, -0.4217963263251374], "25": [-0.20278699873101647, 0.5238297311060887, -0.3545837075773055, 0.04301326220445012, -0.131175869380332, -0.06203979020092332, 0.038209296600648646, -0.4538177079083121], "26": [-0.1204913405900061, 0.5515405913065785, -0.22283970466196878, 0.07206235356820345, -0.09172858197040457, 0.020401415209045037, 0.05502776698110079, -0.456044157433382], "27": [-0.16332515141227621, 0.5616695597817585, -0.2487576084291092, 0.049820607338454836, -0.09735370940879662, -0.045015201356314094, 0.06845344818788979, -0.4933737788030592], "28": [-0.20830312058858458, 0.5859606104837427, -0.31351058739601845, -0.004800018432191022, -0.10117250991066928, -0.07406770430332776, 0.06224017696125128, -0.4892907780141156], "29": [-0.2756786248153136, 0.5673510446957049, -0.35181265304508735, -0.09614807090538369, -0.13278990700948623, -0.12008842910514828, 0.048619152239562036, -0.4681095367215029], "30": [-0.2285854539944201, 0.5649812738210067, -0.3680535290693765, -0.05582899749990089, -0.07386715593489623, -0.07607335348745425, 0.06604801016920159, -0.48838465181994195], "31": [-0.14895016112934134, 0.46878197809849764, -0.29527190640123324, -0.019201179843732374, -0.06965631510229087, -0.036808311071163224, 0.033606325390027614, -0.4940551489562357], "32": [-0.14369398773449515, 0.42596528331427974, -0.38698706194457344, 0.04761799338128503, -0.035007149775348356, -0.03981051496231336, 0.015400608775638647, -0.4965556508610529], "33": [-0.10841224061194388, 0.36526839953498036, -0.4484840477236389, 0.1005694444203391, -0.06985680268890593, -0.0774774898867936, 0.06524628322778048, -0.4658697130120073], "34": [-0.1477368354219355, 0.3592796834794658, -0.49360087442964207, 0.08630710918335627, -0.04161200790286412, -0.08851554128721695, 0.03740872442997234, -0.46698930869205], "35": [-0.22653252921930345, 0.42398953648235604, -0.5671139068148303, 0.15056827277668616, -0.03620791098731502, -0.15299618666811776, 0.02520266793047976, -0.43388612468968746], "36": [-0.24545735854508144, 0.4784457427008495, -0.4809256224308822, 0.10117250991066928, -0.07025778630790125, -0.2205845022243842, 0.04661688228527816, -0.43058227526147874], "37": [-0.29840911202477605, 0.44471431454541976, -0.5675882184166556, 0.0030000045000182496, -0.11122921164061839, -0.16190643439237373, 0.04041099795694114, -0.43168299925915], "38": [-0.29339102110634796, 0.4849905508482317, -0.5344874014339505, 0.07827992209151202, -0.13622089815073624, -0.2209944538615014, 0.04381401671597773, -0.4290421956533865], "39": [-0.2958991070047745, 0.5238297311060887, -0.5118603368959249, 0.019801293960290955, -0.12815047154030967, -0.15259147161971143, 0.017200848187589157, -0.4264045784801267], "40": [-0.31603460087070534, 0.5235987755982991, -0.5245227826281207, 0.04921987090075275, -0.1275455343787324, -0.14308776615251761, 0.027403429629465847, -0.4336657111325848], "41": [-0.3392712805562479, 0.5148450600341694, -0.5187557851394742, 0.03600778053846465, -0.13258813336237352, -0.142481597513181, 0.03180536201238526, -0.4323437015573577], "42": [-0.32087813914306484, 0.5070493935582032, -0.5356498763927786, 0.07787869970821193, -0.1003684307563859, -0.16474420019856706, 0.05322512680954539, -0.4167600986238926], "43": [-0.28483593435089194, 0.5333257258708133, -0.4888376603268916, 0.06745113493864663, -0.1273438990977389, -0.1335970560682216, 0.04901962938263793, -0.43256398041158084],