{"0": [-0.08088817832314166, -0.1003684307563859, -0.05522807127549423, -0.06284135228985233, 0.09494257257541028, -0.0879131991520441, 0.06023642062806833, 0.005600029269746454], "1": [0.11002183113422404, -0.0836976870511752, 0.03941020095827641, 0.013600419277564946, 0.030004501823477137, -0.08249353209732013, -0.08831475700868219, -0.05422657182264401], "2": [0.021001543806387968, -0.10197665470683792, -0.09172858197040457, -0.08108883603469752, -0.04721754326798089, 0.07005729308805031, 0.03340621307014602, -0.16514970407821927], "3": [-0.038209296600648424, 0.07005729308805031, 0.025002604899361236, -0.15684224946335412, 0.11787276424802862, 0.119282664831732, 0.1759057681637164, -0.04701732105685963], "4": [0.10700408032229536, 0.12170019325655912, 0.17367172830571032, -0.07025778630790125, -0.14227955302421136, -0.10841224061194388, -0.06584757446822298, 0.004600016222821468], "5": [-0.13440429269511522, -0.08690936654313752, -0.05522807127549423, -0.02300202831621112, 0.10358514337004854, 0.09695181422163679, 0.029804412362153476, 0.23680706395918238], "6": [0.13117586938033243, 0.08289490367451635, 0.02180172707470751, 0.24607594645099518, 0.1917733150439047, 0.25040876906649334, 0.3204566540495979, -0.033606325390027614], "7": [0.20625937185850574, 0.24710714004206413, 0.3023872610515195, -0.045015201356314094, -0.3348208780666011, -0.4215771241871793, -0.2403061598800873, 0.025002604899361236], "8": [-0.3348208780666011, -0.4261849199452956, -0.24586973981582227, 0.020201373986970417, 0.058833935737407916, 0.20197033154237287, 0.16210908805716695, 0.25288681976388205], "9": [0.08570488320469605, 0.1970731743898284, 0.16069065295191076, 0.26530125997221243, 0.2025828190994754, 0.2767180188223317, 0.19401488874706496, 0.30951844489700253]}