{"0": [0.017800940092709494, -0.004200012348097859, -0.0006000000360000257, 0.030204592486422488, 0.011400246938441772, 0.04101149553125305, -0.021001543806387968, 0.02180172707470751], "1": [0.011600260165087306, -0.009800156872113108, -0.015000562556960695, 0.027803582071238786, 0.01600068274532207, 0.04201235781214696, -0.025402731970558756, -0.002800003658679495], "2": [0.010600198512703995, -0.025202667930479317, -0.018201004911130525, 0.03280588410777363, -0.012200302661605544, 0.052424009314897324, -0.020801500110738447, 0.002000001333335888], "3": [0.0036000077760454108, -0.014000457373674724, -0.010600198512703773, 0.029404237012243595, 0.03320610208850305, 0.04121166466689785, -0.02320208169891047, 0.014000457373674724], "4": [0.02700328157663523, 0.0008000000853334299, -0.014000457373674724, 0.034606907344452376, 0.006600047916939467, 0.04001067435398897, -0.011400246938441772, 0.0004000000106665347], "5": [0.002000001333335888, -0.03620791098731502, -0.011200234167885403, 0.0364080428870166, 0.00520002343495185, 0.03540739781655122, -0.038209296600648424, 0.0078000790941654685], "6": [-0.009000121504428638, -0.004800018432191022, -0.006400043691471957, 0.021401633727371028, 0.014000457373674724, 0.02180172707470751, -0.043013262204449676, 0.006800052406423784], "7": [0.024602481831916823, -0.0036000077760454108, -0.005000020833567653, 0.035207273090639646, 0.038609591841883395, 0.04401420971632253, -0.021401633727370806, 0.017000818939840956], "8": [-0.017800940092709272, -0.04081132803975196, 0.004200012348098081, 0.04161200790286412, 0.005400026244344547, 0.013600419277564946, -0.014600518739093404, 0.038409443451564274], "9": [0.02520266793047976, -0.011000221845412828, -0.014000457373674724, 0.021601679968736853, 0.007600073164568455, 0.039610357166428356, -0.020201373986970195, 0.02420236270404863]}