{"0": [0.09053725709566968, 0.24422263217985887, 0.35041035045544366, 0.3926924236716445, 0.3682893831549314, 0.2879751284837738, 0.17292289780396478, 0.04930603640789621], "1": [0.24422263217985887, 0.35041035045544366, 0.3926924236716445, 0.3682893831549314, 0.2879751284837738, 0.17292289780396478, 0.04930603640789621, -0.057986731979474765], "2": [0.35041035045544366, 0.3926924236716445, 0.3682893831549314, 0.2879751284837738, 0.17292289780396478, 0.04930603640789621, -0.057986731979474765, -0.1309765597381579], "3": [0.3926924236716445, 0.3682893831549314, 0.2879751284837738, 0.17292289780396478, 0.04930603640789621, -0.057986731979474765, -0.1309765597381579, -0.16221350800812048], "4": [0.3682893831549314, 0.2879751284837738, 0.17292289780396478, 0.04930603640789621, -0.057986731979474765, -0.1309765597381579, -0.16221350800812048, -0.15557149385884822], "5": [0.2879751284837738, 0.17292289780396478, 0.04930603640789621, -0.057986731979474765, -0.1309765597381579, -0.16221350800812048, -0.15557149385884822, -0.12412596746880578], "6": [0.17292289780396478, 0.04930603640789621, -0.057986731979474765, -0.1309765597381579, -0.16221350800812048, -0.15557149385884822, -0.12412596746880578, -0.08575867206623107], "7": [0.04930603640789621, -0.057986731979474765, -0.1309765597381579, -0.16221350800812048, -0.15557149385884822, -0.12412596746880578, -0.08575867206623107, -0.0576991160020944], "8": [-0.057986731979474765, -0.1309765597381579, -0.16221350800812048, -0.15557149385884822, -0.12412596746880578, -0.08575867206623107, -0.0576991160020944, -0.051464434346753886], "9": [-0.1309765597381579, -0.16221350800812048, -0.15557149385884822, -0.12412596746880578, -0.08575867206623107, -0.0576991160020944, -0.051464434346753886, -0.06953651215028875], "10": [-0.16221350800812048, -0.15557149385884822, -0.12412596746880578, -0.08575867206623107, -0.0576991160020944, -0.051464434346753886, -0.06953651215028875, -0.10465056422505162], "11": [-0.15557149385884822, -0.12412596746880578, -0.08575867206623107, -0.0576991160020944, -0.051464434346753886, -0.06953651215028875, -0.10465056422505162, -0.14188193706171756], "12": [-0.12412596746880578, -0.08575867206623107, -0.0576991160020944, -0.051464434346753886, -0.06953651215028875, -0.10465056422505162, -0.14188193706171756, -0.1629829171619935], "13": [-0.08575867206623107, -0.0576991160020944, -0.051464434346753886, -0.06953651215028875, -0.10465056422505162, -0.14188193706171756, -0.1629829171619935, -0.1518259645952788], "14": [-0.0576991160020944, -0.051464434346753886, -0.06953651215028875, -0.10465056422505162, -0.14188193706171756, -0.1629829171619935, -0.1518259645952788, -0.09950606651413028], "15": [-0.051464434346753886, -0.06953651215028875, -0.10465056422505162, -0.14188193706171756, -0.1629829171619935, -0.1518259645952788, -0.09950606651413028, -0.007721400888600449], "16": [-0.06953651215028875, -0.10465056422505162, -0.14188193706171756, -0.1629829171619935, -0.1518259645952788, -0.09950606651413028, -0.007721400888600449, 0.11052655113576505], "17": [-0.10465056422505162, -0.14188193706171756, -0.1629829171619935, -0.1518259645952788, -0.09950606651413028, -0.007721400888600449, 0.11052655113576505, 0.2331995104976409], "18": [-0.14188193706171756, -0.1629829171619935, -0.1518259645952788, -0.09950606651413028, -0.007721400888600449, 0.11052655113576505, 0.2331995104976409, 0.3339863373769978], "19": [-0.1629829171619935, -0.1518259645952788, -0.09950606651413028, -0.007721400888600449, 0.11052655113576505, 0.2331995104976409, 0.3339863373769978, 0.38844758287136893], "20": [-0.1518259645952788, -0.09950606651413028, -0.007721400888600449, 0.11052655113576505, 0.2331995104976409, 0.3339863373769978, 0.38844758287136893, 0.3800479655832363], "21": [-0.09950606651413028, -0.007721400888600449, 0.11052655113576505, 0.2331995104976409, 0.3339863373769978, 0.38844758287136893, 0.3800479655832363, 0.3045769340978395], "22": [-0.007721400888600449, 0.11052655113576505, 0.2331995104976409, 0.3339863373769978, 0.38844758287136893, 0.3800479655832363, 0.3045769340978395, 0.17182431082003707], "23": [0.11052655113576505, 0.2331995104976409, 0.3339863373769978, 0.38844758287136893, 0.3800479655832363, 0.3045769340978395, 0.17182431082003707, 0.004030731898099267], "24": [0.2331995104976409, 0.3339863373769978, 0.38844758287136893, 0.3800479655832363, 0.3045769340978395, 0.17182431082003707, 0.004030731898099267, -0.16858859844711738], "25": [0.3339863373769978, 0.38844758287136893, 0.3800479655832363, 0.3045769340978395, 0.17182431082003707, 0.004030731898099267, -0.16858859844711738, -0.3142353352617349], "26": [0.38844758287136893, 0.3800479655832363, 0.3045769340978395, 0.17182431082003707, 0.004030731898099267, -0.16858859844711738, -0.3142353352617349, -0.4063522556186571], "27": [0.3800479655832363, 0.3045769340978395, 0.17182431082003707, 0.004030731898099267, -0.16858859844711738, -0.3142353352617349, -0.4063522556186571, -0.4292861868125591], "28": [0.3045769340978395, 0.17182431082003707, 0.004030731898099267, -0.16858859844711738, -0.3142353352617349, -0.4063522556186571, -0.4292861868125591, -0.3814709261628094], "29": [0.17182431082003707, 0.004030731898099267, -0.16858859844711738, -0.3142353352617349, -0.4063522556186571, -0.4292861868125591, -0.3814709261628094, -0.2754069154796944], "30": [0.004030731898099267, -0.16858859844711738, -0.3142353352617349, -0.4063522556186571, -0.4292861868125591, -0.3814709261628094, -0.2754069154796944, -0.13448344124046757], "31": [-0.16858859844711738, -0.3142353352617349, -0.4063522556186571, -0.4292861868125591, -0.3814709261628094, -0.2754069154796944, -0.13448344124046757, 0.012557318418804031], "32": [-0.3142353352617349, -0.4063522556186571, -0.4292861868125591, -0.3814709261628094, -0.2754069154796944, -0.13448344124046757, 0.012557318418804031, 0.13816175615401885], "33": [-0.4063522556186571, -0.4292861868125591, -0.3814709261628094, -0.2754069154796944, -0.13448344124046757, 0.012557318418804031, 0.13816175615401885, 0.22194076282561248], "34": [-0.4292861868125591, -0.3814709261628094, -0.2754069154796944, -0.13448344124046757, 0.012557318418804031, 0.13816175615401885, 0.22194076282561248, 0.2546769157893105], "35": [-0.3814709261628094, -0.2754069154796944, -0.13448344124046757, 0.012557318418804031, 0.13816175615401885, 0.22194076282561248, 0.2546769157893105, 0.23946924926039476], "36": [-0.2754069154796944, -0.13448344124046757, 0.012557318418804031, 0.13816175615401885, 0.22194076282561248, 0.2546769157893105, 0.23946924926039476, 0.1898440972228293], "37": [-0.13448344124046757, 0.012557318418804031, 0.13816175615401885, 0.22194076282561248, 0.2546769157893105, 0.23946924926039476, 0.1898440972228293, 0.1254141977180128], "38": [0.012557318418804031, 0.13816175615401885, 0.22194076282561248, 0.2546769157893105, 0.23946924926039476, 0.1898440972228293, 0.1254141977180128, 0.06626560209924812], "39": [0.13816175615401885, 0.22194076282561248, 0.2546769157893105, 0.23946924926039476, 0.1898440972228293, 0.1254141977180128, 0.06626560209924812, 0.02754520737889867], "40": [0.22194076282561248, 0.2546769157893105, 0.23946924926039476, 0.1898440972228293, 0.1254141977180128, 0.06626560209924812, 0.02754520737889867, 0.015640083944665997], "41": [0.2546769157893105, 0.23946924926039476, 0.1898440972228293, 0.1254141977180128, 0.06626560209924812, 0.02754520737889867, 0.015640083944665997, 0.026906718651798073], "42": [0.23946924926039476, 0.1898440972228293, 0.1254141977180128, 0.06626560209924812, 0.02754520737889867, 0.015640083944665997, 0.026906718651798073, 0.049235520197902706], "43": [0.1898440972228293, 0.1254141977180128, 0.06626560209924812, 0.02754520737889867, 0.015640083944665997, 0.026906718651798073, 0.049235520197902706, 0.06599504918102087], "44": [0.1254141977180128, 0.06626560209924812, 0.02754520737889867, 0.015640083944665997, 0.026906718651798073, 0.049235520197902706, 0.06599504918102087, 0.06127975079247202],