{"0": [0.019401217103475643, -0.0034000065507007182, -0.0794836652705373, -0.0010000001666665703, -0.05883393573740747, 0.04561581794151226, -0.03140516214801359, -0.010800209963020668], "1": [0.006600047916939467, 0.0006000000360000257, -0.018201004911130525, 0.06805251467943196, -0.16069065295191032, 0.021201588342593558, -0.023802247451584657, 0.009800156872113108], "2": [-0.0078000790941654685, -0.020401415209044815, -0.17915686821321009, -0.04341363597838055, 0.16819186178741696, 0.047417767373429065, -0.019001143352413763, 0.01660076247721931], "3": [-0.00020000000133335583, -0.011200234167885403, 0.010200176876281164, -0.10438948831068129, 0.14005744765412276, 0.03560752396112887, -0.004400014197456947, -0.013000366194516166], "4": [0.0060000360005831865, -0.01660076247721909, 0.1092170003620907, 0.01800097214174512, -0.2659230654637119, 0.042412714459250545, -0.04121166466689763, -0.0030000045000180275], "5": [-0.0014000004573337943, -0.0078000790941654685, -0.0991624339314996, 0.14046141470985596, 0.03480702786263423, 0.027803582071238786, -0.005600029269746232, 0.008600106012861763], "6": [0.0, -0.0004000000106665347, 0.23454451944222443, 0.04401420971632253, 0.3528781083775363, 0.08931871426280047, -0.002800003658679495, 0.0010000001666667924], "7": [-0.033406213070145796, -0.007000057167927176, 0.20646370726099228, 0.09454077063721766, -0.4678854404087258, -0.07206235356820367, -0.016800790372387686, 0.061238268021912345], "8": [-0.02340213601035912, -0.010000166674166922, -0.10800988720139393, 0.051222396050861985, 0.25350657983401637, -0.011000221845412828, -0.020201373986970195, 0.03900989327294768], "9": [-0.005400026244344325, -0.008400098787136434, 0.1608932665049576, 0.1868859765422628, 0.20156204918974407, 0.09514347930589007, -0.021401633727370806, 0.020601457247629407]}