{"0": [0.17428092458805056, 0.18363026580761455, 0.19360725679408453, 0.20033740617957885, 0.18953271650186876, 0.17793748327520187, 0.13864374366690457, 0.11606038035565325, 0.0963490008730441, 0.0640437713941937], "1": [0.21116585484793893, 0.20360380307549075, 0.21546326053666198, 0.17854714220179724, 0.16454145851401814, 0.15724723327864565, 0.130167270642082, 0.09092523407341213, 0.059034283564020074, 0.02960432409441993], "2": [0.20299118693479334, 0.20299118693479334, 0.1789536187401779, 0.1702208384986883, 0.16393327437320293, 0.12936048757187812, 0.09474166968862896, 0.05983569867550731, 0.025802863109693153, -0.0006000000360000257], "3": [0.18281664701797373, 0.18790379564496607, 0.1558299032362107, 0.129763868489422, 0.12170019325655912, 0.0750704910767166, 0.07306499214201945, 0.037809007484817414, -0.0008000000853334299, -0.026202998380952858], "4": [0.16596079413256826, 0.16616358384366037, 0.16312245731210973, 0.130167270642082, 0.09936342330618442, 0.04541561059417498, 0.018601072642999705, 0.0024000023040058327, -0.026002930224795273, -0.05542837778801779], "5": [0.17753108113734117, 0.15704473812461694, 0.11988698071255377, 0.10338406766394881, 0.04201235781214696, 0.014000457373674724, 0.0024000023040058327, -0.030404684359021994, -0.046016238133373966, -0.06244056622408811], "6": [0.15319855365995272, 0.114651013455493, 0.08209217383954859, 0.07085928297348865, 0.040611162184334804, 0.008800113582625002, -0.022401873660421456, -0.04321344822499085, -0.05883393573740747, -0.06504585807461072], "7": [0.12754553437873262, 0.0975546629138404, 0.04921987090075275, 0.03160526144725173, 0.011400246938441772, -0.020201373986970195, -0.03220556697248478, -0.05943498634250166, -0.06464501560981395, -0.0802862247389915], "8": [0.09976541414581819, 0.06644888955134998, 0.025002604899361236, -0.0014000004573337943, -0.02340213601035912, -0.048619152239562036, -0.06564714141643124, -0.09072440631338274, -0.08911791562311211, -0.09494257257541028], "9": [0.06083752173586321, 0.04321344822499107, -0.0012000002880001581, -0.02960432409441993, -0.047417767373429065, -0.07466936734830942, -0.057431566695207215, -0.0750704910767166, -0.10097148398910871, -0.06945583032002767], "10": [0.01080020996302089, -0.0034000065507007182, -0.022001775053300587, -0.04942011439403515, -0.0662484485275241, -0.0802862247389915, -0.08831475700868219, -0.08429981003812692, -0.09072440631338274, -0.08510268838387325], "11": [0.008600106012861763, -0.008200091897447193, -0.048819389831603166, -0.06564714141643124, -0.05502776698110079, -0.07627393513635572, -0.06825298006008884, -0.0704582823566382, -0.05923463376300897, -0.05883393573740747], "12": [-0.011800273855826271, -0.057832231905622145, -0.05422657182264401, -0.059034283564020074, -0.07406770430332776, -0.07386715593489623, -0.09393809641193385, -0.05522807127549423, -0.07366661054274681, -0.057431566695207215], "13": [-0.049019629382637486, -0.07466936734830942, -0.08329628863713046, -0.08951951651350032, -0.06684977962814953, -0.0836976870511752, -0.07105978755796483, -0.06324214846335385, -0.06825298006008884, -0.050421361771062045], "14": [-0.05703091071436983, -0.06023642062806811, -0.06845344818788957, -0.09233113182542008, -0.07627393513635572, -0.08128949701840371, -0.0640437713941937, -0.05502776698110079, -0.03900989327294768, -0.04801845113654735], "15": [-0.07446881000183381, -0.0706587812424404, -0.09072440631338274, -0.09233113182542008, -0.0706587812424404, -0.06464501560981395, -0.06584757446822298, -0.03660817624561652, -0.05522807127549423, -0.031004967315081844], "16": [-0.08409909898268353, -0.07306499214201922, -0.08289490367451635, -0.07326552865450431, -0.07146080531993393, -0.05683058616474579, -0.048619152239562036, -0.047818221299630315, -0.029204151107594, -0.006800052406423784], "17": [-0.08851554128721695, -0.07607335348745425, -0.08088817832314166, -0.07928303343968324, -0.07146080531993393, -0.05122239605086154, -0.026803209176006204, -0.02360219125857732, -0.018000972141744898, -0.018401038408877968], "18": [-0.08450052449770706, -0.06945583032002767, -0.07346606811868162, -0.07466936734830942, -0.04821868290011899, -0.02560279702762225, -0.045415610594175204, -0.03740872442997256, -0.05082187483117884, -0.02360219125857732], "19": [-0.05803256799222112, -0.06544671100566868, -0.06103789365204637, -0.05062161728522141, -0.02360219125857732, -0.0200013335733904, -0.015400608775638647, -0.022001775053300587, -0.025402731970558756, -0.049820607338454614], "20": [-0.05803256799222112, -0.04561581794151226, -0.04181218201930936, -0.04061116218433436, -0.046216450994050584, -0.022601924304985532, -0.006400043691471957, -0.0352072730906392, -0.02420236270404863, -0.033406213070145796], "21": [-0.05803256799222112, -0.04942011439403515, -0.06003605844527837, -0.02560279702762225, -0.008400098787136434, -0.011400246938441772, -0.019001143352413763, -0.06023642062806811, -0.027603505297721265, -0.05863359027504611], "22": [-0.053225126809545165, -0.024002304597401602, -0.03700844737170539, -0.018401038408877968, -0.025802863109693153, -0.02320208169891047, -0.04261289532964585, -0.04001067435398897, -0.057832231905622145, -0.06785205203775102], "23": [-0.043613825472686774, -0.03600778053846487, -0.027203355058446288, -0.016800790372387686, -0.016000682745321848, -0.03140516214801359, -0.035607523961129095, -0.04821868290011899, -0.05082187483117884, -0.07627393513635572], "24": [-0.03480702786263423, -0.030804871765317987, -0.040210835349511864, -0.046016238133373966, -0.039210046329801074, -0.05082187483117884, -0.0514226597407752, -0.04721754326798089, -0.06905486913585834, -0.07266392793934773], "25": [-0.047417767373429065, -0.015000562556960695, -0.022001775053300587, -0.016800790372387686, -0.04461479934037915, -0.04461479934037915, -0.07186183459382334, -0.08008558003365907, -0.09092523407341191, -0.07607335348745425], "26": [-0.04561581794151226, -0.04561581794151226, -0.03580765153241816, -0.05723123755515114, -0.0662484485275241, -0.06023642062806811, -0.06484543553800637, -0.07928303343968324, -0.07085928297348865, -0.08189149968482945], "27": [-0.012200302661605544, -0.029004066372439796, -0.036808311071163224, -0.05382598734137667, -0.05663026389816106, -0.08048687268352572, -0.05923463376300897, -0.06725068046489069, -0.10157457407001425, -0.07105978755796483], "28": [-0.039210046329801074, -0.029204151107594, -0.04221253528943891, -0.061438644853595736, -0.07687569856435683, -0.0977556203709895, -0.0706587812424404, -0.06885439271760352, -0.05542837778801779, -0.07206235356820367], "29": [-0.015000562556960695, -0.06444459828188176, -0.08590562172457661, -0.06344255036086555, -0.0742682556562404, -0.08731088899392514, -0.08309559447852077, -0.08550414814679663, -0.0750704910767166, -0.06464501560981395]}