{"0": [0.16150114717705133, 0.18098645124654777, 0.2091208668487028, 0.19075474102614098, 0.2091208668487028, 0.17184452908396808, 0.14248159751318124, 0.11646309902625562, 0.08711012600858781, 0.05262428551131504], "1": [0.19116214653105978, 0.19319965741709932, 0.20380802566418232, 0.18729308061550176, 0.17814069547888622, 0.15056827277668616, 0.1041883957412959, 0.08169082883522805, 0.06023642062806833, 0.0340065540766703], "2": [0.1846474622801857, 0.19299586992100615, 0.18342684960570188, 0.1679890026981563, 0.14571511174536633, 0.1005694444203391, 0.09293371530022698, 0.05542837778801801, 0.02880398279875096, -0.004800018432191022], "3": [0.1917733150439047, 0.18017322798573732, 0.16900336811172134, 0.15825980675287266, 0.11143045750740121, 0.10479168616829782, 0.07246340023277642, 0.02720335505844651, 0.02300202831621112, -0.033406213070145796], "4": [0.19279209054059954, 0.15724723327864565, 0.16575801130951628, 0.1426836478583826, 0.09213027814929742, 0.06324214846335408, 0.02640306758619082, 0.002600002929342482, -0.013200383358059176, -0.05442686732560764], "5": [0.1698149868193859, 0.16048804605273026, 0.11324187525455631, 0.10197665470683814, 0.06845344818788979, 0.033606325390027614, 0.00020000000133335583, -0.025402731970558756, -0.04261289532964585, -0.07727688966624058], "6": [0.1477368354219355, 0.12633580060223526, 0.09815754717500291, 0.0814901612825003, 0.04781822129963009, 0.001800000972001392, -0.03180536201238526, -0.037809007484817414, -0.06865391907100449, -0.0877124255573738], "7": [0.131982844964738, 0.11122921164061839, 0.05342541150561875, 0.017200848187589157, -0.007400067538997801, -0.02960432409441993, -0.041011495531252606, -0.06284135228985233, -0.05723123755515114, -0.07446881000183381], "8": [0.10961940683665161, 0.07667510766659458, 0.05042136177106227, 0.01840103840887819, -0.02320208169891047, -0.045415610594175204, -0.05222373522314161, -0.07186183459382334, -0.08650785813879591, -0.08811397629971918], "9": [0.07527105747505569, 0.027803582071238786, 0.003800009145392913, -0.01960125513965716, -0.037208585155291685, -0.07126029500405195, -0.07146080531993393, -0.07346606811868162, -0.0879131991520441, -0.07908240480687212], "10": [0.021601679968736853, 0.01800097214174512, -0.030404684359021994, -0.05362569834686126, -0.05362569834686126, -0.07928303343968324, -0.0794836652705373, -0.06484543553800637, -0.08490196366231895, -0.07446881000183381], "11": [-0.010000166674166922, -0.025802863109693153, -0.05542837778801779, -0.07226287544512489, -0.09695181422163657, -0.07928303343968324, -0.08650785813879591, -0.0877124255573738, -0.07366661054274681, -0.07527105747505547], "12": [-0.023802247451584657, -0.0340065540766703, -0.06785205203775102, -0.07627393513635572, -0.0692553483339422, -0.0977556203709895, -0.08590562172457661, -0.07587277490508293, -0.06384336181813888, -0.05422657182264401], "13": [-0.04942011439403515, -0.06344255036086555, -0.07005729308805031, -0.0774774898867936, -0.09293371530022676, -0.08650785813879591, -0.07406770430332776, -0.07166131851379576, -0.0640437713941937, -0.04341363597838055], "14": [-0.05562868652678321, -0.06664933324883782, -0.08189149968482945, -0.08149016128250008, -0.08349698615859746, -0.09172858197040457, -0.07085928297348865, -0.03981051496231336, -0.05022110828060877, -0.009000121504428638], "15": [-0.06664933324883782, -0.058232906410576435, -0.08931871426280025, -0.08008558003365907, -0.05582899749990089, -0.0836976870511752, -0.05402627849726915, -0.05382598734137667, -0.05943498634250166, -0.030004501823476915], "16": [-0.0676515921268781, -0.06484543553800637, -0.07366661054274681, -0.06905486913585834, -0.060637152265228034, -0.05883393573740747, -0.045415610594175204, -0.032005463851450866, -0.02300202831621112, -0.02300202831621112], "17": [-0.08429981003812692, -0.0963490008730441, -0.06725068046489069, -0.05422657182264401, -0.050421361771062045, -0.04921987090075253, -0.029204151107594, -0.019001143352413763, -0.032005463851450866, -0.022601924304985532], "18": [-0.09976541414581774, -0.07406770430332776, -0.06364295480974524, -0.050020856805770064, -0.019001143352413763, -0.027403429629465847, -0.027403429629465847, -0.033606325390027614, -0.00960014746211546, -0.010200176876281164], "19": [-0.07466936734830942, -0.07186183459382334, -0.04661688228527838, -0.03120506410663526, -0.013600419277564946, -0.03260577709260826, -0.030804871765317987, -0.028003659958046878, -0.02360219125857732, -0.047818221299630315], "20": [-0.043013262204449676, -0.03320610208850261, -0.04561581794151226, -0.04141183545474747, -0.033606325390027614, -0.029404237012243595, -0.027803582071239008, -0.03180536201238526, -0.05182319332122298, -0.03981051496231336], "21": [-0.0704582823566382, -0.05362569834686126, -0.03060477744930923, -0.029804412362153476, -0.0030000045000180275, -0.029004066372439796, -0.02300202831621112, -0.019201179843732374, -0.037208585155291685, -0.024002304597401602], "22": [-0.058232906410576435, -0.022601924304985532, -0.03480702786263423, -0.053225126809545165, -0.027803582071239008, -0.026202998380952858, -0.03480702786263423, -0.02160167996873663, -0.06023642062806811, -0.06484543553800637], "23": [-0.04581602711855348, -0.03160526144725151, -0.03140516214801359, -0.028803982798750516, -0.028803982798750516, -0.02160167996873663, -0.03700844737170539, -0.05983569867550753, -0.06905486913585834, -0.06865391907100449], "24": [-0.03900989327294768, -0.033606325390027614, -0.024402421779546435, -0.02860390037849636, -0.03880974177965979, -0.04921987090075253, -0.06544671100566868, -0.049019629382637486, -0.06444459828188176, -0.06083752173586321], "25": [-0.021201588342593336, -0.039210046329801074, -0.020201373986970195, -0.022601924304985532, -0.04721754326798089, -0.040210835349511864, -0.05242400931489688, -0.06805251467943196, -0.09213027814929742, -0.08951951651350032], "26": [-0.03480702786263423, -0.02300202831621112, -0.018601072642999483, -0.03120506410663526, -0.044014209716322306, -0.05202346322794993, -0.06684977962814953, -0.06985680268890593, -0.08108883603469752, -0.08951951651350032], "27": [-0.025802863109693153, -0.035607523961129095, -0.039210046329801074, -0.05202346322794993, -0.06544671100566868, -0.0676515921268781, -0.07226287544512489, -0.08690936654313752, -0.06324214846335385, -0.0794836652705373], "28": [-0.018401038408877968, -0.03540739781655122, -0.033005992437058485, -0.053425411505618525, -0.08490196366231895, -0.08409909898268353, -0.09092523407341191, -0.08409909898268353, -0.0782799220915118, -0.06644888955134975], "29": [-0.05022110828060877, -0.060637152265228034, -0.05082187483117884, -0.05182319332122298, -0.09474166968862918, -0.06183940593496384, -0.10257980670399869, -0.07527105747505547, -0.07547162690709142, -0.03660817624561652]}