{"0": [0.17489018621947294, 0.18037652248632785, 0.18729308061550176, 0.1905510502965697, 0.1917733150439047, 0.17753108113734117, 0.13743221942503325, 0.125932597401337, 0.09996641562749287, 0.062440566224088334], "1": [0.1913658613252074, 0.19686923089954544, 0.1960535397983767, 0.1954418582098496, 0.1625144155459639, 0.14915240351078718, 0.11646309902625562, 0.08570488320469605, 0.07085928297348865, 0.033606325390027614], "2": [0.18668243626153846, 0.21955978781373742, 0.19319965741709932, 0.15866488190462102, 0.15765224310071946, 0.10780871708273976, 0.08690936654313774, 0.06885439271760352, 0.03160526144725173, 0.0008000000853334299], "3": [0.2050335425578842, 0.17651520526883857, 0.16819186178741696, 0.14632156548325526, 0.11787276424802862, 0.08731088899392558, 0.056029310715484115, 0.041812182019309585, -0.008000085335790885, -0.03981051496231336], "4": [0.2025828190994754, 0.17001790912433834, 0.14531083925129273, 0.1041883957412959, 0.1072052329721298, 0.07126029500405218, 0.01760090875601228, 0.007400067538997801, -0.029404237012243595, -0.036808311071163224], "5": [0.1635278522831749, 0.15299618666811754, 0.12875545586052173, 0.07527105747505569, 0.057832231905622145, 0.039610357166428356, -0.005400026244344325, -0.004800018432191022, -0.05703091071436983, -0.03880974177965979], "6": [0.15218678175915756, 0.13420247529855134, 0.08510268838387325, 0.05843324716881049, 0.03500714977534858, -0.010000166674166922, -0.019401217103475865, -0.04801845113654735, -0.05102213441702763, -0.06504585807461072], "7": [0.12109574469449091, 0.08911791562311211, 0.06484543553800637, 0.06604801016920159, -0.0010000001666665703, -0.028203738966173342, -0.039610357166428134, -0.08931871426280025, -0.08209217383954837, -0.07988493855929435], "8": [0.09393809641193362, 0.052824563820495385, 0.02380224745158488, 0.0036000077760454108, -0.005400026244344325, -0.05222373522314161, -0.05963534131062498, -0.06885439271760352, -0.07888177936387586, -0.06564714141643124], "9": [0.06805251467943196, 0.022601924304985532, 0.019401217103475643, -0.024002304597401602, -0.05022110828060877, -0.06183940593496384, -0.07667510766659436, -0.08349698615859746, -0.0794836652705373, -0.08590562172457661], "10": [0.028203738966173786, 0.010000166674167144, -0.026202998380952858, -0.05242400931489688, -0.06905486913585834, -0.04821868290011899, -0.06484543553800637, -0.09012194501459514, -0.0750704910767166, -0.05182319332122298], "11": [0.012800349551105539, -0.03240567138352479, -0.05262428551131482, -0.06484543553800637, -0.08490196366231895, -0.07607335348745425, -0.07868115710246726, -0.06504585807461072, -0.08731088899392514, -0.06003605844527837], "12": [-0.025002604899361014, -0.03660817624561652, -0.06003605844527837, -0.05202346322794993, -0.06604801016920137, -0.09192942820039574, -0.07105978755796483, -0.06524628322778048, -0.06344255036086555, -0.049620359870572894], "13": [-0.033406213070145796, -0.05943498634250166, -0.06023642062806811, -0.08008558003365907, -0.07667510766659436, -0.06885439271760352, -0.06584757446822298, -0.07868115710246726, -0.06564714141643124, -0.04001067435398897], "14": [-0.06464501560981395, -0.07868115710246726, -0.08128949701840371, -0.0991624339314996, -0.07727688966624058, -0.05642994390649969, -0.06484543553800637, -0.05502776698110079, -0.050020856805770064, -0.037208585155291685], "15": [-0.10217770122525316, -0.07005729308805031, -0.07627393513635572, -0.08149016128250008, -0.07346606811868162, -0.05262428551131482, -0.05683058616474579, -0.037809007484817414, -0.053425411505618525, -0.02340213601035912], "16": [-0.07928303343968324, -0.08269421621686601, -0.050020856805770064, -0.06023642062806811, -0.07466936734830942, -0.05983569867550753, -0.07166131851379576, -0.02420236270404863, -0.016800790372387686, -0.02860390037849636], "17": [-0.08450052449770706, -0.08670861058929846, -0.07607335348745425, -0.07226287544512489, -0.057431566695207215, -0.05102213441702763, -0.047417767373429065, -0.037208585155291685, -0.02300202831621112, -0.031004967315081844], "18": [-0.08289490367451635, -0.0674511349386464, -0.06885439271760352, -0.034606907344452376, -0.043013262204449676, -0.027803582071239008, -0.029204151107594, -0.025002604899361014, -0.03840944345156383, -0.04001067435398897], "19": [-0.06604801016920137, -0.05642994390649969, -0.05202346322794993, -0.04001067435398897, -0.04001067435398897, -0.03320610208850261, -0.02560279702762225, -0.02220182391253256, -0.03320610208850261, -0.018801107621507107], "20": [-0.06705022869744637, -0.05202346322794993, -0.04141183545474747, -0.03740872442997256, -0.0340065540766703, -0.015200585362194374, -0.0264030675861906, -0.02360219125857732, -0.018201004911130525, -0.025402731970558756], "21": [-0.05202346322794993, -0.05262428551131482, -0.046216450994050584, -0.035007149775348356, -0.019201179843732374, -0.025002604899361014, -0.03260577709260826, -0.03981051496231336, -0.018801107621507107, -0.06905486913585834], "22": [-0.04921987090075253, -0.03140516214801359, -0.0342066704595132, -0.024802542869180932, -0.021401633727370806, -0.03760886520379736, -0.017000818939840734, -0.03800915128108362, -0.05622962618164551, -0.06304174910906446], "23": [-0.03180536201238526, -0.028403819103646866, -0.018201004911130525, 0.0028000036586797172, -0.028003659958046878, -0.006400043691471957, -0.04381401671597773, -0.049620359870572894, -0.06163902415523426, -0.0750704910767166], "24": [-0.02360219125857732, -0.02320208169891047, -0.009200129786276934, -0.030404684359021994, -0.03480702786263423, -0.049820607338454614, -0.04701732105685963, -0.0676515921268781, -0.061438644853595736, -0.09213027814929742], "25": [-0.0352072730906392, -0.03380643905618874, -0.014200477257973354, -0.027803582071239008, -0.05062161728522141, -0.05222373522314161, -0.06985680268890593, -0.04801845113654735, -0.08972032238350347, -0.07547162690709142], "26": [-0.03800915128108362, -0.018801107621507107, -0.024002304597401602, -0.04281307790869038, -0.0364080428870166, -0.06023642062806811, -0.06885439271760352, -0.06905486913585834, -0.09393809641193385, -0.07025778630790125], "27": [-0.032805884107772965, -0.03981051496231336, -0.030004501823476915, -0.021001543806387968, -0.0692553483339422, -0.06825298006008884, -0.08149016128250008, -0.07767809323137786, -0.08530341654261075, -0.0782799220915118], "28": [-0.020601457247629185, -0.0340065540766703, -0.0342066704595132, -0.06364295480974524, -0.05262428551131482, -0.07968430030766416, -0.08811397629971918, -0.07306499214201922, -0.07607335348745425, -0.08470124236968446], "29": [-0.029204151107594, -0.047818221299630315, -0.06344255036086555, -0.08209217383954837, -0.09213027814929742, -0.08650785813879591, -0.091527739451017, -0.07888177936387586, -0.06725068046489069, -0.06584757446822298]}