{"0": [-0.03480702786263423, -0.03440678821275944, -0.010200176876281164, -0.04821868290011899, 0.049820607338454836, 0.01380043804954112, 0.004600016222821468, -0.0200013335733904], "1": [-0.03700844737170539, -0.031004967315081844, -0.0674511349386464, -0.038209296600648424, 0.011800273855826493, 0.006400043691471957, 0.0224018736604219, -0.029404237012243595], "2": [-0.04321344822499085, -0.035007149775348356, 0.08389839132311883, -0.0676515921268781, 0.028203738966173786, 0.0036000077760454108, 0.03140516214801381, -0.029004066372439796], "3": [-0.03120506410663526, -0.0078000790941654685, -0.0676515921268781, 0.0822928513076302, 0.028603900378496583, 0.015200585362194152, 0.014000457373674724, -0.04161200790286412], "4": [-0.04721754326798089, -0.035607523961129095, 0.13965350360359907, -0.07607335348745425, 0.0340065540766703, 0.01800097214174512, 0.02700328157663523, -0.018401038408877968], "5": [-0.04481499944964251, -0.033406213070145796, 0.09855948988764629, -0.035007149775348356, 0.033606325390027614, 0.017200848187589157, 0.019801293960290955, -0.011200234167885403], "6": [-0.06003605844527837, -0.04221253528943891, 0.19931710300334493, 0.08670861058929868, 0.00900012150442886, 0.014600518739093404, 0.024002304597401602, -0.026002930224795273], "7": [-0.04461479934037915, -0.035607523961129095, 0.18627537916519987, 0.07326552865450453, 0.003800009145392913, 0.02520266793047976, 0.011600260165087306, -0.012800349551105539], "8": [-0.05362569834686126, -0.03900989327294768, -0.05062161728522141, 0.24298396253864407, 0.030004501823477137, 0.014600518739093404, 0.020201373986970417, 0.0008000000853334299], "9": [-0.03600778053846487, -0.02960432409441993, 0.1255294147815269, 0.08610636371470659, 0.02300202831621112, 0.007600073164568455, 0.014000457373674724, -0.012600333419820808]}