{"0": [-0.025002604899361014, -0.03380643905618874, -0.09393809641193385, -0.06664933324883782, 0.08791319915204432, 0.05042136177106227, -0.21280249051137323, 0.05342541150561875], "1": [0.11082673346861949, 0.004000010666743492, -0.1265374099420633, 0.01080020996302089, -0.030404684359021994, 0.024602481831916823, -0.13803795605751068, 0.0514226597407752], "2": [-0.03620791098731502, 0.01840103840887819, -0.06043678523200713, -0.061438644853595736, -0.019201179843732374, -0.020401415209044815, -0.010600198512703773, 0.05182319332122298], "3": [-0.011000221845412828, -0.024402421779546435, 0.08690936654313774, -0.08690936654313752, 0.18281664701797373, 0.04041099795694114, 0.03160526144725173, 0.04921987090075275], "4": [0.1714385637117395, 0.02700328157663523, 0.1578547577866285, -0.1872930806155011, 0.0010000001666667924, -0.3028062997123291, -0.06224017696125128, 0.06965631510229064], "5": [-0.028403819103646866, -0.1285537891662536, 0.026803209176006426, -0.027403429629465847, 0.13924958248845454, 0.16474420019856728, -0.005800032519158949, 0.0442144044817907], "6": [0.11988698071255377, 0.05983569867550731, 0.0975546629138404, 0.06825298006008906, 0.34139297303600413, 0.30846873048387846, 0.19442255335160175, 0.06684977962814975], "7": [0.2738084845747122, 0.15056827277668616, 0.3183501108884683, -0.1041883957412959, -0.34457851709075826, -0.5146152873771381, -0.3535175822276764, 0.06444459828188176], "8": [-0.3629140672708886, -0.20564641802728278, -0.27463953632668514, 0.17204752249257127, 0.1844440075596221, 0.09293371530022698, 0.1305706940988698, 0.11122921164061839], "9": [0.12452154782361613, 0.019801293960290955, 0.234955799844633, 0.14389607340109567, 0.18179979554178471, 0.26095154611794413, 0.15724723327864565, 0.08711012600858781]}