{"0": [-0.08289490367451635, 0.04441460102045269, -0.12129722259739228, 0.1005694444203391, -0.10640064841599961, 0.013200383358059176, -0.020801500110738447, -0.026603137848533187], "1": [-0.06264095799757463, 0.02360219125857732, 0.034406788212759665, -0.08249353209732013, -0.04081132803975196, 0.07908240480687212, -0.0066000479169390225, -0.06183940593496384], "2": [-0.07727688966624058, 0.03800915128108384, -0.06684977962814953, 0.06364295480974524, -0.08851554128721695, -0.04281307790869038, -0.0264030675861906, -0.045015201356314094], "3": [-0.0794836652705373, 0.026803209176006426, 0.10680293201860835, -0.13702842320780162, 0.20156204918974407, 0.04281307790869038, -0.01960125513965716, -0.024802542869180932], "4": [-0.09072440631338274, 0.021001543806387968, 0.13924958248845454, -0.09313458396835395, -0.10016742116155974, -0.08149016128250008, -0.0014000004573337943, -0.02320208169891047], "5": [-0.06163902415523426, 0.039610357166428356, -0.018401038408877968, 0.1596776848152779, 0.04921987090075275, 0.08329628863713068, -0.025802863109693153, -0.04181218201930936], "6": [-0.08510268838387325, 0.020201373986970417, 0.05362569834686126, 0.137836038194195, 0.29464482542681614, 0.1954418582098496, -0.008600106012861541, -0.029004066372439796], "7": [-0.10217770122525316, 0.013400401049739719, 0.22817479088288684, -0.012400317792655713, -0.45715829385543816, -0.33164623857894426, -0.008200091897447193, 0.019401217103475643], "8": [-0.06524628322778048, 0.021001543806387968, -0.035607523961129095, 0.07286445857303159, 0.22345495943617744, 0.06865391907100449, -0.014400497710443494, 0.0012000002880003802], "9": [-0.08650785813879591, -0.02300202831621112, 0.09454077063721766, 0.17204752249257127, 0.14490659067344414, 0.18057982452383126, -0.011000221845412828, 0.0008000000853334299]}