{"0": [-0.1461194082259949, -0.08309559447852077, 0.026803209176006426, -0.04041099795694114, 0.00020000000133335583, -0.05122239605086154, 0.12956217538057224, -0.03660817624561652], "1": [-0.012400317792655713, -0.06043678523200713, 0.13864374366690457, -0.05102213441702763, -0.11243675498743766, 0.06845344818788979, -0.06043678523200713, 0.019201179843732374], "2": [-0.13702842320780162, 0.04041099795694114, -0.043013262204449676, 0.005000020833567653, -0.05863359027504611, -0.06604801016920137, -0.014200477257973354, -0.09574622264283295], "3": [-0.07968430030766416, -0.039610357166428134, -0.019201179843732374, -0.10318299615268445, 0.27547078272065084, 0.07386715593489623, -0.009400138436171268, -0.06825298006008884], "4": [0.2636436247039089, 0.05923463376300919, -0.012800349551105539, -0.07146080531993393, -0.05602931071548389, -0.2543330814672857, 0.01740087812364277, -0.035607523961129095], "5": [-0.05282456382049516, -0.25391980849059625, 0.030004501823477137, -0.03660817624561652, 0.031205064106635705, 0.14551297250440665, 0.28316916612341836, 0.04581602711855348], "6": [0.0280036599580471, 0.13480794401994456, 0.2819196205261676, 0.04621645099405036, 0.3297431217450457, 0.22304478004387662, 0.24133587493733888, 0.049820607338454836], "7": [0.3496829903332441, 0.24071801466024412, 0.2657157852778349, 0.05843324716881049, -0.5396083143027155, -0.39564127037636365, -0.36548253466542957, 0.16413599561035586], "8": [-0.5282237691536713, -0.413481650764405, -0.3669819727309154, 0.16656918396613674, 0.06705022869744659, 0.260123604419227, 0.08670861058929868, 0.1637305599338139], "9": [0.07567219938103142, 0.263022202908469, 0.1066017880526493, 0.16271708938795504, 0.17326563363386027, 0.4235507211309868, 0.1714385637117395, 0.446265733790121]}