{"0": [0.10861342392069995, -0.16880048101740686, 0.02220182391253278, -0.09936342330618442, 0.12673902445293317, -0.03740872442997256, -0.0364080428870166, -0.061438644853595736], "1": [0.13763412598627123, -0.03580765153241816, -0.037208585155291685, -0.09594714483142619, 0.08048687268352572, -0.13622089815073624, 0.12532783116806545, -0.11082673346861927], "2": [0.08992113188110396, -0.13581716917179198, 0.12311074742151651, -0.12391688874000262, -0.008000085335790885, 0.01380043804954112, -0.060637152265228034, 0.056029310715484115], "3": [-0.00960014746211546, 0.011600260165087306, -0.05522807127549423, 0.0514226597407752, -0.041011495531252606, 0.14713025483061304, 0.1408654048406639, -0.0971527598475106], "4": [-0.027803582071239008, 0.14591725698296432, 0.14996143458953193, -0.10640064841599961, -0.15947511105090628, -0.18424056056138038, 0.12391688874000284, -0.10318299615268445], "5": [-0.16089326650495717, -0.1771247086308123, 0.130167270642082, -0.1098206167533402, 0.00900012150442886, 0.1966652957047501, 0.20319538372039858, 0.04521540506846722], "6": [0.011400246938441772, 0.2070767659798376, 0.20237864803057826, 0.06504585807461072, 0.3335506034736204, 0.2967355611110505, 0.14996143458953193, 0.024802542869181154], "7": [0.33080025534912516, 0.29297319195548366, 0.14955690672189537, 0.034406788212759665, -0.40672105302006223, -0.5205991471309765, -0.16069065295191032, 0.11626173732332723], "8": [-0.43587086186028245, -0.5222136883229314, -0.1457151117453661, 0.12472311101047584, 0.06805251467943196, 0.18057982452383126, 0.1315793463995747, 0.09172858197040479], "9": [0.07888177936387586, 0.17103262687203835, 0.14227955302421158, 0.0704582823566382, 0.24442659154656687, 0.40977176659917003, 0.1356153130393032, 0.4336657111325848]}