{"0": [-0.06845344818788957, 0.061639024155234035, -0.08329628863713046, -0.10740638997653296, 0.03260577709260826, -0.007600073164568233, -0.030804871765317987, -0.024802542869180932], "1": [0.0078000790941654685, 0.006600047916939467, -0.03740872442997256, -0.024402421779546435, -0.03900989327294768, 0.0004000000106665347, -0.07486992770386913, 0.04441460102045269], "2": [-0.021401633727370806, 0.0004000000106665347, -0.07627393513635572, 0.04661688228527816, -0.14551297250440642, -0.003800009145392913, 0.07587277490508271, 0.02720335505844651], "3": [-0.16616358384366015, 0.0014000004573337943, 0.07466936734830965, 0.019401217103475643, -0.03240567138352479, 0.2283801175387954, -0.03440678821275944, -0.07968430030766416], "4": [-0.04321344822499085, 0.21955978781373742, -0.04081132803975196, -0.06324214846335385, -0.07587277490508293, -0.10821106170831896, 0.10378622327937648, -0.12331227519187204], "5": [-0.06604801016920137, -0.10177561232455212, 0.0881139762997194, -0.1335970560682216, 0.09152773945101722, 0.0742682556562404, 0.19014369283622545, 0.25185410671401676], "6": [0.095344389888399, 0.0706587812424404, 0.1580572790010335, 0.24051208206991692, 0.10257980670399913, 0.3293203754433165, 0.34989588201180544, -0.13702842320780162], "7": [0.12149870544856722, 0.3399076210162051, 0.33715117557580365, -0.15522257284223406, -0.3562903844885743, -0.5277607098877517, -0.26965612063435995, 0.10358514337004854], "8": [-0.3348208780666011, -0.5017949702339068, -0.2940178637666495, 0.09815754717500291, 0.1333952606156794, 0.16778615058747848, 0.234955799844633, 0.07908240480687212], "9": [0.12411843669695144, 0.16109588672084518, 0.23475015458665194, 0.07827992209151202, 0.23577848221596454, 0.2877547405226957, 0.30616059214722857, 0.32572948729463014]}