{"0": [-0.03360911386010208, -0.045345629811248386, -0.045345629811249254, -0.026673899888970284, -0.010076806624721766, -0.010076806624722115, -0.011321588619540388, -0.013099848612138768], "1": [-0.010076806624721766, -0.010076806624722115, -0.011321588619540388, -0.013099848612138768, -0.013099848612138592, -0.022583901905994117, -0.045345629811249254, -0.04534562981124821], "2": [-0.013099848612138592, -0.022583901905994117, -0.045345629811249254, -0.04534562981124821, -0.039121719837156586, -0.010076806624722028, -0.010076806624721853, -0.004327099315322107], "3": [-0.039121719837156586, -0.010076806624722028, -0.010076806624721853, -0.004327099315322107, 0.08766821763508004, 0.08766821763508204, 0.08766821763508204, -0.10296125357142301], "4": [0.08766821763508004, 0.08766821763508204, 0.08766821763508204, -0.10296125357142301, -0.11487559552183156, -0.11487559552182894, -0.00533477997779601, 0.018138251924499738], "5": [-0.11487559552183156, -0.11487559552182894, -0.00533477997779601, 0.018138251924499738, 0.018138251924499388, 0.1170095075129478, 0.158205864008133, 0.1582058640081365], "6": [0.018138251924499388, 0.1170095075129478, 0.158205864008133, 0.1582058640081365, 0.2405985769985104, 0.2982734760917668, 0.29827347609177307, -0.05453330643966329], "7": [0.2405985769985104, 0.2982734760917668, 0.29827347609177307, -0.05453330643966329, -0.45144093678754876, -0.4514409367875486, -0.24978625362693296, 0.11991399883419253], "8": [-0.45144093678754876, -0.4514409367875486, -0.24978625362693296, 0.11991399883419253, 0.1199139988341899, 0.13153196411916587, 0.16929035129533077, 0.16929035129532694], "9": [0.1199139988341899, 0.13153196411916587, 0.16929035129533077, 0.16929035129532694, 0.1835164312361143, 0.29021203079198915, 0.2902120307919955, 0.2902120307919955]}