{"0": [-0.18403712127616245, -0.228790800259824, -0.1499614345895317, -0.2066680514089383, -0.24154184923280542, -0.2136210251464956, -0.15562745334418526, -0.1679890026981561], "1": [-0.228790800259824, -0.2166918298419107, -0.18037652248632785, -0.17489018621947294, -0.12109574469449069, -0.14349190797671163, -0.07587277490508293, -0.10117250991066928], "2": [-0.12996556690704986, -0.15218678175915756, -0.06023642062806811, -0.09755466291384018, -0.11706721263156683, -0.03580765153241816, -0.037809007484817414, 0.035207273090639646], "3": [-0.12008842910514828, -0.04481499944964251, -0.03840944345156383, 0.04661688228527816, 0.004800018432191022, 0.025402731970558978, 0.07246340023277642, 0.08931871426280047], "4": [0.005400026244344547, 0.03600778053846465, 0.05402627849726915, 0.11344316682010147, 0.10861342392069995, 0.16109588672084518, 0.1309741389288288, 0.15846234105108725], "5": [0.0963490008730441, 0.16636638045183472, 0.15036598718441607, 0.131982844964738, 0.18118977595025387, 0.20952979316762144, 0.18831097838674382, 0.1974810862948433]}