{"0": [0.07687569856435705, -0.05983569867550753, -0.16900336811172112, 0.10358514337004854, -0.07105978755796483, -0.08550414814679663, 0.07607335348745403, -0.08249353209732013], "1": [-0.07186183459382334, -0.08871632914360905, 0.09393809641193362, -0.091527739451017, -0.061438644853595736, 0.05763189814265801, -0.06444459828188176, 0.03760886520379736], "2": [-0.06604801016920137, 0.048619152239562036, -0.08068752387549671, 0.04381401671597773, -0.07466936734830942, -0.12008842910514828, 0.14187548157994456, -0.15522257284223406], "3": [-0.07306499214201922, -0.11102797029717593, 0.12250619422765574, -0.1685976009379695, 0.21607750377477264, -0.013600419277564946, 0.19360725679408453, -0.12532783116806523], "4": [0.24257187769827104, -0.025402731970558756, 0.2025828190994754, -0.10157457407001425, -0.06504585807461072, -0.21321173969688512, -0.015800657459193568, 0.13420247529855134], "5": [-0.06965631510229087, -0.23392767458842223, -0.007400067538997801, 0.1212972225973925, 0.024002304597401602, 0.06745113493864663, 0.09916243393149982, 0.10177561232455234], "6": [0.03280588410777363, 0.05723123755515114, 0.09936342330618442, 0.1090158037873381, 0.3441535681961059, 0.29840911202477627, 0.2692411474945069, -0.09654993474274587], "7": [0.34479101583893934, 0.30804894308089503, 0.26861877684307234, -0.08911791562311211, -0.4277229906308766, -0.5259097203909846, -0.1204913405900061, 0.018201004911130747], "8": [-0.4310224979903936, -0.5466168209266011, -0.11787276424802862, 0.022001775053300587, 0.27547078272065084, 0.07486992770386935, 0.09052358222243684, 0.12956217538057224], "9": [0.27110890205255433, 0.07146080531993415, 0.0925319892370744, 0.1588674293224197, 0.17610890651885747, 0.33863508297069944, 0.28379410920832804, 0.24133587493733888]}