{"0": [-0.12472311101047584, 0.04321344822499107, 0.17854714220179724, -0.042412714459250545, -0.007200062209451241, -0.0008000000853334299, 0.04201235781214696, -0.019201179843732374], "1": [-0.142481597513181, 0.02760350529772082, 0.16535246629137745, -0.015600632805302217, -0.015400608775638647, 0.0008000000853334299, 0.008200091897447415, -0.030804871765317987], "2": [-0.14470447533113595, 0.06224017696125128, 0.17549951344724324, 0.04942011439403493, -0.06244056622408811, 0.011200234167885181, 0.021001543806387968, -0.024002304597401602], "3": [-0.1164630990262554, 0.049820607338454836, 0.1938110686938539, -0.0030000045000180275, -0.026202998380952858, -0.0010000001666665703, 0.02380224745158488, -0.027003281576635008], "4": [-0.11505366624874869, 0.06584757446822298, 0.16332515141227621, -0.044014209716322306, -0.06384336181813888, 0.010600198512703995, 0.03340621307014602, 0.0008000000853334299], "5": [-0.13440429269511522, 0.02300202831621112, 0.18892181176973488, -0.06805251467943196, 0.022801975854242595, 0.026202998380952858, 0.014600518739093404, -0.005000020833567653], "6": [-0.1275455343787324, 0.06344255036086577, 0.19401488874706496, 0.15238912354538958, 0.03660817624561674, 0.004000010666743492, 0.029404237012243595, -0.012400317792655713], "7": [-0.12552941478152646, 0.06224017696125128, 0.12915880505471744, -0.12512625267412303, -0.17489018621947294, 0.007600073164568455, -0.0006000000360000257, -0.010000166674166922], "8": [-0.09293371530022676, 0.004800018432191022, 0.13299168609497047, 0.04681710073198575, 0.08048687268352572, -0.0340065540766703, 0.004200012348098081, -0.022001775053300587], "9": [-0.10619951310024311, 0.028603900378496583, 0.17407785191179848, 0.05482746489672796, 0.1066017880526493, 0.035207273090639646, 0.03540739781655122, 0.010200176876281164]}