{"0": [0.05302484425053833, -0.12956217538057224, -0.1055961329941899, 0.09313458396835417, -0.029804412362153476, -0.09474166968862918, -0.03160526144725151, 0.09192942820039551], "1": [-0.019001143352413763, -0.09755466291384018, -0.004000010666743492, 0.09152773945101722, 0.003200005461358346, -0.14328983411897478, -0.018801107621507107, 0.012200302661605544], "2": [-0.025402731970558756, -0.12129722259739228, -0.021401633727370806, 0.02340213601035912, -0.034606907344452376, -0.04421440448179048, 0.04561581794151226, 0.05582899749990089], "3": [-0.027403429629465847, -0.041011495531252606, 0.03941020095827641, 0.038609591841883395, 0.021001543806387968, 0.018601072642999705, 0.0943398754128486, -0.0692553483339422], "4": [0.021001543806387968, 0.03500714977534858, 0.08510268838387325, -0.05502776698110079, -0.10479168616829782, -0.07306499214201922, -0.007200062209451241, 0.03880974177965979], "5": [-0.09815754717500291, -0.07146080531993393, -0.00180000097200117, 0.05502776698110079, -0.14793904110999923, 0.2584682675495542, 0.09413898400719534, 0.1350097779655559], "6": [-0.1269406441434382, 0.2561933606011275, 0.10599838209696477, 0.16271708938795504, 0.19299586992100615, 0.30406374526552415, 0.4161040296379006, -0.05082187483117884], "7": [0.17306259712541672, 0.2994555186701078, 0.42026236324479394, -0.048619152239562036, -0.5342550024726511, -0.47776996586490994, -0.0816908288352276, 0.0943398754128486], "8": [-0.5445111504667348, -0.48205390098875966, -0.07406770430332776, 0.11062550114649605, 0.1481412528915691, -0.01480054035192957, 0.23618988434810229, 0.18586835329347196], "9": [0.16778615058747848, -0.021401633727370806, 0.2440143590000199, 0.18892181176973488, 0.2066680514089383, 0.2316666836467527, 0.2688262218670603, 0.422673350679597]}