{"0": [0.1960535397983767, 0.21259787949322573, 0.20339958909743094, 0.1767183656820428, 0.1712355917298798, 0.14854569477050839, 0.11988698071255377, 0.10097148398910871], "1": [0.18892181176973488, 0.19870502208985585, 0.19034736756972848, 0.1487479248855248, 0.1507705645773052, 0.12371534584255106, 0.08972032238350391, 0.05703091071437005], "2": [0.17062671849197097, 0.19116214653105978, 0.17367172830571032, 0.16170378743533131, 0.1255294147815269, 0.07166131851379576, 0.05042136177106227, 0.030204592486422488], "3": [0.19156958415968628, 0.18363026580761455, 0.14975916756922847, 0.1269406441434382, 0.08690936654313774, 0.0514226597407752, 0.010000166674167144, -0.0022000017746706124], "4": [0.18281664701797373, 0.15441288871737058, 0.1005694444203391, 0.08329628863713068, 0.05182319332122298, 0.05663026389816106, 0.009400138436171268, -0.016400735246324905], "5": [0.15421048365070011, 0.11968553720847241, 0.09494257257541028, 0.05202346322794993, 0.03300599243705871, 0.008800113582625002, -0.03540739781655122, -0.04201235781214674], "6": [0.11424837933153542, 0.08470124236968424, 0.04001067435398897, 0.04161200790286412, -0.004200012348097859, -0.035607523961129095, -0.045015201356314094, -0.05803256799222112], "7": [0.08871632914360905, 0.06224017696125128, 0.02080150011073867, 0.01740087812364277, -0.028003659958046878, -0.0514226597407752, -0.07928303343968324, -0.06985680268890593], "8": [0.0640437713941937, 0.024002304597401602, 0.0, -0.027003281576635008, -0.05202346322794993, -0.04661688228527838, -0.0780793093255161, -0.0782799220915118], "9": [0.021401633727371028, 0.015400608775638647, -0.03440678821275944, -0.039610357166428134, -0.058232906410576435, -0.08570488320469583, -0.09112606551082547, -0.07988493855929435], "10": [0.014600518739093404, -0.00520002343495185, -0.05883393573740747, -0.08490196366231895, -0.07547162690709142, -0.08249353209732013, -0.0816908288352276, -0.08751165550742779], "11": [-0.011200234167885403, -0.05502776698110079, -0.06664933324883782, -0.08128949701840371, -0.06905486913585834, -0.09273285039257173, -0.08128949701840371, -0.058433247168810265], "12": [-0.039210046329801074, -0.06785205203775102, -0.09032276179227394, -0.08851554128721695, -0.08048687268352572, -0.08149016128250008, -0.06123826802191212, -0.06805251467943196], "13": [-0.06985680268890593, -0.07085928297348865, -0.0750704910767166, -0.06945583032002767, -0.07266392793934773, -0.06985680268890593, -0.06504585807461072, -0.06224017696125128], "14": [-0.07888177936387586, -0.06244056622408811, -0.06885439271760352, -0.09032276179227394, -0.06544671100566868, -0.06224017696125128, -0.049620359870572894, -0.047818221299630315], "15": [-0.07266392793934773, -0.09594714483142619, -0.08911791562311211, -0.06725068046489069, -0.06244056622408811, -0.05282456382049516, -0.043013262204449676, -0.020801500110738447], "16": [-0.07466936734830942, -0.0640437713941937, -0.07527105747505547, -0.07647451985999854, -0.05943498634250166, -0.04481499944964251, -0.03700844737170539, -0.027603505297721265], "17": [-0.08751165550742779, -0.07406770430332776, -0.0640437713941937, -0.04821868290011899, -0.05622962618164551, -0.028403819103646866, -0.03620791098731502, -0.025402731970558756], "18": [-0.07126029500405195, -0.0794836652705373, -0.05282456382049516, -0.04141183545474747, -0.05502776698110079, -0.030404684359021994, -0.028203738966173342, -0.020801500110738447], "19": [-0.06103789365204637, -0.05803256799222112, -0.03860959184188317, -0.032005463851450866, -0.01960125513965716, -0.017200848187589157, -0.024602481831916823, -0.01740087812364277], "20": [-0.07968430030766416, -0.03740872442997256, -0.02420236270404863, -0.0364080428870166, -0.025002604899361014, -0.008000085335790885, -0.001600000682667524, -0.027203355058446288], "21": [-0.049820607338454614, -0.03480702786263423, -0.041011495531252606, -0.042412714459250545, -0.039210046329801074, -0.027603505297721265, -0.033406213070145796, -0.03840944345156383], "22": [-0.025802863109693153, -0.021401633727370806, -0.024402421779546435, -0.022401873660421456, -0.01480054035192957, -0.027203355058446288, -0.03580765153241816, -0.04001067435398897], "23": [-0.022001775053300587, -0.025202667930479317, -0.03140516214801359, -0.010600198512703773, -0.042412714459250545, -0.0342066704595132, -0.05923463376300897, -0.045215405068466774], "24": [-0.02180172707470751, -0.038209296600648424, -0.03180536201238526, -0.03880974177965979, -0.04161200790286412, -0.06364295480974524, -0.06003605844527837, -0.05602931071548389], "25": [-0.03380643905618874, -0.029004066372439796, -0.014200477257973354, -0.05763189814265757, -0.05983569867550753, -0.06584757446822298, -0.05542837778801779, -0.0838983913231186], "26": [-0.027003281576635008, -0.049820607338454614, -0.03580765153241816, -0.05642994390649969, -0.059034283564020074, -0.06003605844527837, -0.0676515921268781, -0.08289490367451635], "27": [-0.021001543806387968, -0.008000085335790885, -0.04061116218433436, -0.0640437713941937, -0.06284135228985233, -0.07607335348745425, -0.07908240480687212, -0.08851554128721695], "28": [-0.057431566695207215, -0.06725068046489069, -0.05863359027504611, -0.061438644853595736, -0.07647451985999854, -0.07346606811868162, -0.08490196366231895, -0.0780793093255161], "29": [-0.0704582823566382, -0.05062161728522141, -0.0662484485275241, -0.08891712058614476, -0.0662484485275241, -0.0794836652705373, -0.08008558003365907, -0.08510268838387325]}