{"0": [-0.18723574689156713, -0.19435645300164747, -0.19834989102784886, -0.19915180505742325, -0.19674929199345717, -0.19118100917049916, -0.18253655234359548, -0.17095501405903557], "1": [-0.19674929199345717, -0.19118100917049916, -0.18253655234359548, -0.17095501405903557, -0.15662274560324047, -0.1397703585407815, -0.12066901408798375, -0.09962606002746575], "2": [-0.15662274560324047, -0.1397703585407815, -0.12066901408798375, -0.09962606002746575, -0.07698008536724481, -0.053095472316863124, -0.02835653324122658, -0.003161326930800279], "3": [-0.07698008536724481, -0.053095472316863124, -0.02835653324122658, -0.003161326930800279, 0.0220847463133487, 0.046975467722147925, 0.0711103362705747, 0.09410101288907824], "4": [0.0220847463133487, 0.046975467722147925, 0.0711103362705747, 0.09410101288907824, 0.1155775689845729, 0.13519443872998468, 0.15263597934775586, 0.16762154992031375], "5": [0.1155775689845729, 0.13519443872998468, 0.15263597934775586, 0.16762154992031375, 0.17991002700747236, 0.18930368441284204, 0.19565137467237131, 0.19885096107359812]}