{"0": [-0.0662484485275241, 0.044614799340379374, -0.05102213441702763, -0.1092170003620907, 0.013600419277564946, 0.014200477257973576, -0.027803582071239008, -0.012600333419820808], "1": [0.014000457373674724, -0.012800349551105539, -0.03941020095827641, -0.027403429629465847, -0.026603137848533187, 0.003200005461358346, -0.07466936734830942, 0.07567219938103142], "2": [-0.020201373986970195, 0.003800009145392913, -0.05863359027504611, 0.05562868652678321, -0.14854569477050816, -0.0176009087560125, 0.07767809323137809, 0.020201373986970417], "3": [-0.15663976728593187, -0.01480054035192957, 0.06865391907100449, 0.03140516214801381, -0.02280197585424215, 0.21341637788379075, -0.03620791098731502, -0.08249353209732013], "4": [-0.04421440448179048, 0.20237864803057826, -0.04841891659842901, -0.09072440631338274, -0.09654993474274587, -0.08329628863713046, 0.07406770430332799, -0.12613419642485613], "5": [-0.08470124236968446, -0.10499279147333218, 0.08389839132311883, -0.13077241383788651, 0.07386715593489623, 0.06444459828188176, 0.18017322798573732, 0.25598661827369606], "6": [0.08911791562311211, 0.07667510766659458, 0.18098645124654777, 0.24360216875898222, 0.09916243393149982, 0.33016592921847976, 0.36141695192764556, -0.14490659067344414], "7": [0.09454077063721766, 0.32720755794219003, 0.38224027387284076, -0.1580572790010335, -0.3282637766457108, -0.5534202346968606, -0.28525275334007927, 0.08931871426280047], "8": [-0.3528781083775363, -0.5454466717745634, -0.2790057679348814, 0.07166131851379576, 0.11686583667187356, 0.15522257284223406, 0.21239327751179693, 0.09976541414581819], "9": [0.11585902811473603, 0.1451087119772343, 0.22304478004387662, 0.07948366527053774, 0.20993875504927884, 0.2758864791307014, 0.31393111242551663, 0.3189819198245747]}