{"0": [0.20237864803057826, 0.22632729030871745, 0.18627537916519987, 0.18363026580761455, 0.17631205221750434, 0.15056827277668616, 0.12895712782047108, 0.12311074742151651], "1": [0.19850101189353797, 0.2091208668487028, 0.17428092458805056, 0.16880048101740708, 0.14571511174536633, 0.11686583667187356, 0.08530341654261098, 0.06745113493864663], "2": [0.20687240431199982, 0.1897363673116801, 0.17610890651885747, 0.16271708938795504, 0.11183296284481314, 0.07226287544512511, 0.060637152265228256, 0.020001333573390623], "3": [0.17570263714290335, 0.1558299032362107, 0.15380569261254773, 0.12996556690705008, 0.0822928513076302, 0.047417767373429065, 0.02380224745158488, 0.005600029269746454], "4": [0.1813931082278588, 0.16332515141227621, 0.11545633777919106, 0.09072440631338319, 0.05262428551131504, 0.03320610208850305, 0.002000001333335888, -0.021401633727370806], "5": [0.14692807342841863, 0.1305706940988698, 0.08068752387549694, 0.057832231905622145, 0.013400401049739719, -0.004200012348097859, -0.037208585155291685, -0.05402627849726915], "6": [0.11606038035565325, 0.07868115710246726, 0.05843324716881049, 0.048619152239562036, -0.016200708671695763, -0.0342066704595132, -0.043613825472686774, -0.05562868652678321], "7": [0.10077046216178953, 0.06464501560981395, 0.03080487176531821, -0.010000166674166922, -0.029004066372439796, -0.04041099795694114, -0.06564714141643124, -0.0822928513076302], "8": [0.056029310715484115, 0.01960125513965738, -0.0014000004573337943, -0.027403429629465847, -0.047417767373429065, -0.050421361771062045, -0.08650785813879591, -0.07025778630790125], "9": [0.033806439056188964, 0.01380043804954112, -0.018601072642999483, -0.04661688228527838, -0.05562868652678321, -0.07486992770386913, -0.07466936734830942, -0.08289490367451635], "10": [-0.005000020833567653, -0.024402421779546435, -0.044014209716322306, -0.06424418354605832, -0.0704582823566382, -0.09172858197040457, -0.07647451985999854, -0.06023642062806811], "11": [-0.025202667930479317, -0.049820607338454614, -0.05462716501426623, -0.0838983913231186, -0.05963534131062498, -0.07587277490508293, -0.06504585807461072, -0.08309559447852077], "12": [-0.04921987090075253, -0.05382598734137667, -0.08751165550742779, -0.08128949701840371, -0.09172858197040457, -0.07166131851379576, -0.04081132803975196, -0.06644888955134975], "13": [-0.047417767373429065, -0.095344389888399, -0.09474166968862918, -0.07246340023277598, -0.09032276179227394, -0.06384336181813888, -0.08008558003365907, -0.06945583032002767], "14": [-0.06284135228985233, -0.07486992770386913, -0.08751165550742779, -0.08289490367451635, -0.07085928297348865, -0.05763189814265757, -0.053024844250537884, -0.05102213441702763], "15": [-0.08630710918335627, -0.08670861058929846, -0.08209217383954837, -0.06805251467943196, -0.049620359870572894, -0.05923463376300897, -0.019801293960290733, -0.026202998380952858], "16": [-0.08068752387549671, -0.06845344818788957, -0.05282456382049516, -0.06103789365204637, -0.041011495531252606, -0.05202346322794993, -0.042412714459250545, -0.037208585155291685], "17": [-0.06865391907100449, -0.08189149968482945, -0.08269421621686601, -0.04321344822499085, -0.057431566695207215, -0.041011495531252606, -0.036808311071163224, -0.042412714459250545], "18": [-0.08931871426280025, -0.06504585807461072, -0.051622925494863914, -0.0340065540766703, -0.020201373986970195, -0.03240567138352479, -0.030804871765317987, -0.028803982798750516], "19": [-0.058433247168810265, -0.05362569834686126, -0.05022110828060877, -0.027803582071239008, -0.035607523961129095, -0.015200585362194374, -0.024002304597401602, -0.018000972141744898], "20": [-0.06725068046489069, -0.06905486913585834, -0.01480054035192957, -0.040210835349511864, -0.011200234167885403, -0.0352072730906392, -0.031004967315081844, -0.0352072730906392], "21": [-0.04081132803975196, -0.02960432409441993, -0.049019629382637486, -0.03540739781655122, -0.010000166674166922, -0.028803982798750516, -0.04701732105685963, -0.05502776698110079], "22": [-0.05382598734137667, -0.05082187483117884, -0.021201588342593336, -0.036808311071163224, -0.027403429629465847, -0.03800915128108362, -0.040210835349511864, -0.04821868290011899], "23": [-0.018801107621507107, -0.02340213601035912, -0.0352072730906392, -0.039610357166428134, -0.026202998380952858, -0.03140516214801359, -0.05602931071548389, -0.0640437713941937], "24": [-0.03160526144725151, -0.0352072730906392, -0.014400497710443494, -0.04201235781214674, -0.04061116218433436, -0.06043678523200713, -0.05663026389816106, -0.06504585807461072], "25": [-0.02220182391253256, -0.03880974177965979, -0.01660076247721909, -0.028203738966173342, -0.07266392793934773, -0.047818221299630315, -0.06664933324883782, -0.047818221299630315], "26": [-0.020601457247629185, -0.030004501823476915, -0.027803582071239008, -0.043613825472686774, -0.05242400931489688, -0.049620359870572894, -0.08490196366231895, -0.0816908288352276], "27": [-0.041011495531252606, -0.04581602711855348, -0.05763189814265757, -0.07607335348745425, -0.06384336181813888, -0.07126029500405195, -0.0750704910767166, -0.07466936734830942], "28": [-0.024402421779546435, -0.04281307790869038, -0.05282456382049516, -0.05803256799222112, -0.06644888955134975, -0.09172858197040457, -0.08911791562311211, -0.07968430030766416], "29": [-0.04721754326798089, -0.05022110828060877, -0.0692553483339422, -0.06244056622408811, -0.07146080531993393, -0.08711012600858759, -0.06945583032002767, -0.06805251467943196]}