{"0": [-0.002800003658679495, 0.10760755134392808, -0.039210046329801074, 0.04001067435398897, -0.06304174910906446, 0.13924958248845454, 0.06364295480974524, 0.08771242555737424], "1": [0.0008000000853334299, 0.09795658178859346, -0.019801293960290733, -0.15157979404031763, 0.11444969406409378, 0.11686583667187356, 0.08209217383954859, 0.09795658178859346], "2": [-0.02220182391253256, 0.09313458396835417, -0.07486992770386913, -0.18240988354836118, -0.005800032519158949, 0.1166644654729374, 0.06845344818788979, 0.09152773945101722], "3": [0.005800032519158949, 0.07527105747505569, -0.0024000023040058327, 0.07647451985999854, 0.08048687268352572, 0.11847697836522397, 0.06985680268890593, 0.0913269006339259], "4": [0.002000001333335888, 0.09393809641193362, 0.08771242555737424, -0.023802247451584657, -0.0983585165385692, 0.10539501487787195, 0.04401420971632253, 0.07928303343968346], "5": [0.019001143352413985, 0.0989614485757544, 0.041812182019309585, 0.07948366527053774, -0.11988698071255333, 0.17001790912433834, 0.06384336181813888, 0.0975546629138404], "6": [-0.0004000000106665347, 0.08670861058929868, 0.15319855365995272, 0.09936342330618442, 0.21239327751179693, 0.13077241383788651, 0.07226287544512511, 0.12190168602991491], "7": [0.026803209176006426, 0.08951951651350054, 0.3324924683386441, -0.04001067435398897, -0.4920117865805078, -0.12915880505471744, 0.06745113493864663, 0.14490659067344414], "8": [-0.00020000000133335583, 0.08329628863713068, -0.045015201356314094, -0.04001067435398897, 0.030004501823477137, 0.1905510502965697, 0.07928303343968346, 0.137836038194195], "9": [-0.011000221845412828, 0.09916243393149982, 0.04401420971632253, 0.17042377495153294, 0.18281664701797373, 0.10519390104038862, 0.06745113493864663, 0.12734389909773935]}