{"0": [-0.07146080531993393, -0.04561581794151226, -0.10177561232455212, -0.05102213441702763, 0.07446881000183403, 0.04121166466689785, -0.12170019325655912, 0.04161200790286412], "1": [0.06023642062806833, 0.07166131851379576, -0.1333952606156792, 0.024002304597401602, -0.05282456382049516, 0.03540739781655122, -0.08008558003365907, -0.06203979020092332], "2": [-0.06805251467943196, 0.026603137848533187, -0.08008558003365907, -0.0676515921268781, -0.040210835349511864, -0.014600518739093404, 0.08289490367451635, -0.07206235356820367], "3": [-0.017800940092709272, -0.006400043691471957, 0.10318299615268445, -0.09494257257541028, 0.1305706940988698, 0.06083752173586321, 0.17793748327520187, -0.19197705398727405], "4": [0.15562745334418548, 0.04161200790286412, 0.14470447533113595, -0.18810738307073938, -0.049019629382637486, -0.2808786779560444, 0.030404684359021994, -0.03260577709260826], "5": [-0.05022110828060877, -0.2994555186701078, 0.02320208169891025, -0.00180000097200117, 0.09393809641193362, 0.19238455608912663, 0.08791319915204432, 0.06524628322778048], "6": [0.07266392793934817, 0.20339958909743094, 0.10499279147333218, 0.06785205203775102, 0.2731853230672423, 0.3015493479445708, 0.3418175031871664, -0.09675087252282921], "7": [0.26592306546371236, 0.31014844264925956, 0.32889769021123016, -0.10137353993484588, -0.3820247267927721, -0.4861212409872844, -0.30553139260060025, 0.16555523536546501], "8": [-0.3749220554761761, -0.5118603368959249, -0.3051119956130963, 0.1728595678231093, 0.15481771799036936, 0.08108883603469796, 0.2479322880397501, 0.15198444625214624], "9": [0.14713025483061304, 0.0742682556562404, 0.2512346106592853, 0.17265654571780198, 0.13379885699377136, 0.2592958451255303, 0.2802542625137896, 0.4163226981495991]}