{"7": [-0.05062161728522141, -0.014600518739093404, -0.033406213070145796, 0.13884568423889343, -0.0024000023040058327, -0.04001067435398897, -0.014600518739093404, -0.05883393573740747], "3": [0.0943398754128486, 0.048819389831603166, -0.08068752387549671, 0.16393327437320293, 0.08751165550742779, 0.130167270642082, 0.026803209176006426, 0.1481412528915691], "4": [0.08751165550742779, 0.130167270642082, 0.026803209176006426, 0.1481412528915691, 0.08630710918335627, -0.08992113188110396, -0.13016727064208178, -0.17793748327520165], "18": [-0.02860390037849636, 0.1358171691717922, 0.12794882059141321, 0.22591684157547975, 0.1980930166060293, 0.16008285218008433, 0.2621938021819967, 0.1637305599338139], "14": [0.11767136916024401, 0.010600198512703995, 0.10861342392069995, -0.020201373986970195, 0.15502014221449323, 0.021601679968736853, 0.022801975854242595, -0.04261289532964585], "8": [-0.0024000023040058327, -0.04001067435398897, -0.014600518739093404, -0.05883393573740747, 0.08791319915204432, -0.17306259712541672, 0.02900406637244002, 0.03260577709260826], "19": [0.1980930166060293, 0.16008285218008433, 0.2621938021819967, 0.1637305599338139, 0.23269425657295706, -0.23804169928031693, -0.34202979230527486, -0.19605353979837692], "0": [0.03500714977534858, 0.005800032519158949, 0.08630710918335627, -0.008000085335790885, 0.04341363597838077, -0.1229092246764012, 0.18892181176973488, -0.013600419277564946], "16": [-0.04942011439403515, -0.22283970466196878, 0.10599838209696477, -0.003800009145392913, -0.08891712058614476, -0.024002304597401602, 0.05262428551131504, 0.15906998331343214], "6": [-0.07246340023277598, -0.11545633777919106, 0.05062161728522163, -0.19014369283622523, -0.05062161728522141, -0.014600518739093404, -0.033406213070145796, 0.13884568423889343], "10": [-0.03760886520379736, -0.014600518739093404, 0.09413898400719534, -0.028803982798750516, -0.043613825472686774, 0.07085928297348865, -0.0802862247389915, 0.04141183545474747], "13": [0.1473324422910567, -0.15299618666811776, 0.07948366527053774, -0.04942011439403515, 0.11767136916024401, 0.010600198512703995, 0.10861342392069995, -0.020201373986970195], "15": [0.15502014221449323, 0.021601679968736853, 0.022801975854242595, -0.04261289532964585, -0.04942011439403515, -0.22283970466196878, 0.10599838209696477, -0.003800009145392913], "21": [-0.3798702800904452, -0.14874792488552502, 0.04001067435398897, 0.006800052406423784, 0.15502014221449323, 0.19686923089954544, 0.0514226597407752, 0.1255294147815269], "23": [0.08630710918335627, 0.15906998331343214, 0.10197665470683814, 0.10117250991066928, 0.2756786248153136, 0.2121886845573251, 0.26157262250943925, 0.11988698071255377], "9": [0.08791319915204432, -0.17306259712541672, 0.02900406637244002, 0.03260577709260826, -0.03760886520379736, -0.014600518739093404, 0.09413898400719534, -0.028803982798750516], "2": [-0.047417767373429065, 0.05522807127549445, -0.059034283564020074, 0.09876046723058929, 0.0943398754128486, 0.048819389831603166, -0.08068752387549671, 0.16393327437320293], "1": [0.04341363597838077, -0.1229092246764012, 0.18892181176973488, -0.013600419277564946, -0.047417767373429065, 0.05522807127549445, -0.059034283564020074, 0.09876046723058929], "12": [0.02300202831621112, 0.04841891659842901, -0.1828166470179735, -0.013600419277564946, 0.1473324422910567, -0.15299618666811776, 0.07948366527053774, -0.04942011439403515], "17": [-0.08891712058614476, -0.024002304597401602, 0.05262428551131504, 0.15906998331343214, -0.02860390037849636, 0.1358171691717922, 0.12794882059141321, 0.22591684157547975]}