{"0": [0.17062671849197097, 0.1909584397678381, 0.1868859765422628, 0.19258831926644882, 0.1897363673116801, 0.16961207157473757, 0.15299618666811754, 0.11223548637708003, 0.10760755134392808, 0.04781822129963009], "1": [0.17428092458805056, 0.1905510502965697, 0.20013332866777245, 0.19299586992100615, 0.16291976997367041, 0.15198444625214624, 0.12472311101047584, 0.09936342330618442, 0.06504585807461072, 0.010600198512703995], "2": [0.1905510502965697, 0.19788903149580328, 0.17854714220179724, 0.16210908805716695, 0.15157979404031785, 0.1350097779655559, 0.07687569856435705, 0.05482746489672796, 0.034606907344452376, -0.0004000000106665347], "3": [0.2070767659798376, 0.1980930166060293, 0.15056827277668616, 0.15947511105090628, 0.129763868489422, 0.0943398754128486, 0.06264095799757485, 0.03660817624561674, 0.0012000002880003802, -0.03900989327294768], "4": [0.18627537916519987, 0.17184452908396808, 0.15603235956748307, 0.11807416413911098, 0.10318299615268445, 0.04801845113654735, 0.03180536201238526, -0.0034000065507007182, -0.0034000065507007182, -0.05462716501426623], "5": [0.15947511105090628, 0.15097286259512366, 0.13460611559935587, 0.09072440631338319, 0.06224017696125128, 0.04401420971632253, -0.0012000002880001581, -0.019001143352413763, -0.04381401671597773, -0.07787869970821237], "6": [0.1390476305098367, 0.1172685933605222, 0.08309559447852077, 0.05402627849726915, 0.04481499944964251, -0.012400317792655713, -0.026803209176006204, -0.07446881000183381, -0.06684977962814953, -0.06885439271760352], "7": [0.1271422690221744, 0.09494257257541028, 0.05622962618164573, 0.030004501823477137, -0.018401038408877968, -0.0364080428870166, -0.058433247168810265, -0.06344255036086555, -0.06885439271760352, -0.08670861058929846], "8": [0.06905486913585857, 0.04801845113654735, 0.03700844737170561, -0.012600333419820808, -0.04081132803975196, -0.049620359870572894, -0.06304174910906446, -0.05402627849726915, -0.0971527598475106, -0.08209217383954837], "9": [0.07306499214201945, 0.030204592486422488, 0.00520002343495185, -0.012400317792655713, -0.053024844250537884, -0.058433247168810265, -0.07727688966624058, -0.06584757446822298, -0.08891712058614476, -0.0784805380144209], "10": [0.03941020095827641, -0.0066000479169390225, -0.029404237012243595, -0.04341363597838055, -0.06865391907100449, -0.07326552865450431, -0.0782799220915118, -0.08570488320469583, -0.06725068046489069, -0.07146080531993393], "11": [0.0034000065507009403, -0.028003659958046878, -0.04841891659842901, -0.058232906410576435, -0.08751165550742779, -0.07025778630790125, -0.09795658178859346, -0.08972032238350347, -0.06344255036086555, -0.0514226597407752], "12": [-0.04061116218433436, -0.05683058616474579, -0.0676515921268781, -0.07466936734830942, -0.09675087252282921, -0.0780793093255161, -0.06304174910906446, -0.07988493855929435, -0.07105978755796483, -0.06664933324883782], "13": [-0.046216450994050584, -0.06183940593496384, -0.07246340023277598, -0.07687569856435683, -0.07908240480687212, -0.08610636371470659, -0.09052358222243684, -0.05082187483117884, -0.06484543553800637, -0.04181218201930936], "14": [-0.05703091071436983, -0.0770762925615005, -0.07868115710246726, -0.08610636371470659, -0.07326552865450431, -0.07266392793934773, -0.05723123755515114, -0.06023642062806811, -0.05362569834686126, -0.021401633727370806], "15": [-0.05502776698110079, -0.07547162690709142, -0.07908240480687212, -0.07988493855929435, -0.07326552865450431, -0.07486992770386913, -0.05102213441702763, -0.053425411505618525, -0.05963534131062498, -0.026002930224795273], "16": [-0.0784805380144209, -0.07206235356820367, -0.06203979020092332, -0.06163902415523426, -0.058232906410576435, -0.07627393513635572, -0.04201235781214674, -0.030204592486422266, -0.041011495531252606, -0.036808311071163224], "17": [-0.0770762925615005, -0.0822928513076302, -0.07547162690709142, -0.07346606811868162, -0.05422657182264401, -0.045415610594175204, -0.02340213601035912, -0.03840944345156383, -0.0264030675861906, -0.027803582071239008], "18": [-0.07466936734830942, -0.06264095799757463, -0.06364295480974524, -0.058433247168810265, -0.045415610594175204, -0.030204592486422266, -0.029204151107594, -0.03180536201238526, 0.0008000000853334299, -0.015200585362194374], "19": [-0.06344255036086555, -0.04801845113654735, -0.07647451985999854, -0.03760886520379736, -0.03981051496231336, -0.04141183545474747, -0.019801293960290733, -0.016200708671695763, -0.021401633727370806, -0.021001543806387968], "20": [-0.06985680268890593, -0.050421361771062045, -0.048819389831603166, -0.03320610208850261, -0.03160526144725151, -0.029404237012243595, -0.03480702786263423, -0.024802542869180932, -0.026202998380952858, -0.04701732105685963], "21": [-0.053024844250537884, -0.04721754326798089, -0.015800657459193568, -0.05242400931489688, -0.02960432409441993, -0.01480054035192957, -0.027603505297721265, -0.030204592486422266, -0.04341363597838055, -0.06364295480974524], "22": [-0.03981051496231336, -0.032005463851450866, -0.035007149775348356, -0.039210046329801074, -0.012400317792655713, -0.06043678523200713, -0.030804871765317987, -0.03060477744930923, -0.05522807127549423, -0.06264095799757463], "23": [-0.01740087812364277, -0.04041099795694114, -0.045015201356314094, -0.03480702786263423, -0.013200383358059176, -0.04141183545474747, -0.027603505297721265, -0.05703091071436983, -0.0640437713941937, -0.06965631510229087], "24": [-0.03160526144725151, -0.03880974177965979, -0.02280197585424215, -0.034606907344452376, -0.03800915128108362, -0.03660817624561652, -0.05542837778801779, -0.05402627849726915, -0.08490196366231895, -0.0750704910767166], "25": [-0.036808311071163224, -0.02340213601035912, -0.007000057167927176, -0.026603137848533187, -0.03860959184188317, -0.05462716501426623, -0.07005729308805031, -0.06103789365204637, -0.0794836652705373, -0.0756721993810312], "26": [-0.01660076247721909, -0.025802863109693153, -0.024602481831916823, -0.027403429629465847, -0.0640437713941937, -0.05182319332122298, -0.06244056622408811, -0.0836976870511752, -0.07767809323137786, -0.09353633261929217], "27": [-0.031004967315081844, -0.04141183545474747, -0.028803982798750516, -0.04661688228527838, -0.05663026389816106, -0.05963534131062498, -0.06865391907100449, -0.07727688966624058, -0.10358514337004832, -0.09594714483142619], "28": [-0.03120506410663526, -0.05022110828060877, -0.04001067435398897, -0.047818221299630315, -0.06945583032002767, -0.07687569856435683, -0.08329628863713046, -0.07085928297348865, -0.08128949701840371, -0.07587277490508293], "29": [-0.049019629382637486, -0.045215405068466774, -0.0838983913231186, -0.0704582823566382, -0.06965631510229087, -0.08068752387549671, -0.0877124255573738, -0.07988493855929435, -0.09855948988764629, -0.06985680268890593]}