{"0": [-0.10821106170831896, 0.004200012348098081, -0.15542500988249608, -0.028003659958046878, 0.022601924304985532, 0.10217770122525316, -0.05863359027504611, -0.031004967315081844], "1": [0.0034000065507009403, 0.10861342392069995, -0.0662484485275241, -0.018601072642999483, 0.01760090875601228, -0.07587277490508293, -0.08931871426280025, -0.048819389831603166], "2": [0.004400014197456947, -0.0838983913231186, -0.07888177936387586, -0.06965631510229087, 0.07326552865450453, -0.11746997886724508, -0.03220556697248478, -0.004400014197456947], "3": [0.07567219938103142, -0.10278086568109845, -0.02420236270404863, 0.0034000065507009403, 0.13137760520103448, 0.12794882059141321, 0.02900406637244002, -0.053024844250537884], "4": [0.11867839271728675, 0.11525499966757757, 0.016400735246325127, -0.06244056622408811, -0.06825298006008884, -0.1923845560891264, 0.07888177936387586, -0.07928303343968324], "5": [-0.06805251467943196, -0.19625745016365337, 0.07908240480687212, -0.06865391907100449, 0.129763868489422, -0.013000366194516166, 0.19034736756972848, 0.1856648520435218], "6": [0.15765224310071946, -0.004400014197456947, 0.1970731743898284, 0.1846474622801857, 0.2890064281735012, 0.19156958415968628, 0.25329998209926585, -0.0032000054613585682], "7": [0.2898411453478684, 0.1848509247323742, 0.27173170209598285, 0.008000085335791107, -0.3204566540495979, -0.540541073722393, -0.15178211701548783, -0.033005992437058485], "8": [-0.31856069923655306, -0.5445111504667348, -0.15663976728593187, -0.029004066372439796, 0.19870502208985585, 0.1856648520435218, 0.006800052406423784, 0.20585072725129883], "9": [0.20442074519014408, 0.2007455865848664, 0.024602481831916823, 0.2475196925338159, 0.17103262687203835, 0.37750252679895824, 0.2543330814672857, 0.2756786248153136]}