{"0": [0.18424056056138083, -0.004200012348097859, 0.1824098835483614, 0.20176618610390018, 0.18200315059662242, 0.17753108113734117, 0.15623482234691632, 0.1212972225973925, 0.0060000360005831865, 0.01600068274532207], "1": [0.18261326146379764, -0.0022000017746706124, 0.19788903149580328, 0.19197705398727405, 0.18505439492549192, 0.15016370779164645, 0.1136444630020963, 0.08851554128721717, -0.020801500110738447, -0.018000972141744898], "2": [0.18403712127616267, -0.011600260165087084, 0.18118977595025387, 0.16819186178741696, 0.16332515141227621, 0.13258813336237352, 0.09454077063721766, 0.07126029500405218, 0.00520002343495185, 0.017800940092709494], "3": [0.19462639792183167, -0.0012000002880001581, 0.1546153001609616, 0.1426836478583826, 0.12815047154031012, 0.09554530433126907, 0.06564714141643102, 0.04301326220445012, 0.001600000682667524, -0.011000221845412828], "4": [0.17834391511801484, 0.009800156872113108, 0.13965350360359907, 0.12411843669695144, 0.10257980670399913, 0.06925534833394242, 0.04821868290011899, 0.008800113582625002, -0.004000010666743492, -0.004000010666743492], "5": [0.1848509247323742, -0.004000010666743492, 0.12855378916625382, 0.09032276179227394, 0.04561581794151226, 0.03480702786263423, 0.013600419277564946, -0.022001775053300587, 0.008400098787136656, -0.0024000023040058327], "6": [0.15279382599099622, -0.0024000023040058327, 0.0975546629138404, 0.05863359027504611, 0.04401420971632253, 0.019401217103475643, -0.014200477257973354, -0.06244056622408811, 0.007600073164568455, 0.004200012348098081], "7": [0.12069280369933733, -0.005800032519158949, 0.05843324716881049, 0.032005463851450866, 0.003200005461358346, -0.018000972141744898, -0.049820607338454614, -0.06705022869744637, 0.015400608775638647, -0.013000366194516166], "8": [0.09273285039257173, -0.0200013335733904, 0.0364080428870166, -0.012800349551105539, -0.017000818939840734, -0.06564714141643124, -0.04801845113654735, -0.09654993474274587, 0.0012000002880003802, 0.004400014197456947], "9": [0.05322512680954539, -0.0264030675861906, 0.00900012150442886, -0.04161200790286412, -0.05222373522314161, -0.05382598734137667, -0.08329628863713046, -0.08650785813879591, -0.0066000479169390225, -0.011400246938441772], "10": [0.03160526144725173, -0.02420236270404863, -0.013400401049739719, -0.047818221299630315, -0.07085928297348865, -0.07186183459382334, -0.09132690063392568, -0.07366661054274681, -0.007400067538997801, -0.009400138436171268], "11": [-0.006200039722020323, -0.0078000790941654685, -0.05542837778801779, -0.08329628863713046, -0.06203979020092332, -0.07246340023277598, -0.061438644853595736, -0.07226287544512489, 0.0034000065507009403, -0.006400043691471957], "12": [-0.03160526144725151, -0.03140516214801359, -0.053225126809545165, -0.08249353209732013, -0.07868115710246726, -0.08871632914360905, -0.09072440631338274, -0.08189149968482945, -0.0008000000853334299, -0.009200129786276934], "13": [-0.05542837778801779, -0.04161200790286412, -0.0836976870511752, -0.08068752387549671, -0.08690936654313752, -0.08490196366231895, -0.07888177936387586, -0.0692553483339422, 0.004000010666743492, 0.0004000000106665347], "14": [-0.05663026389816106, -0.026202998380952858, -0.07486992770386913, -0.0877124255573738, -0.07105978755796483, -0.07346606811868162, -0.06865391907100449, -0.05883393573740747, -0.0012000002880001581, -0.025202667930479317], "15": [-0.07306499214201922, -0.010200176876281164, -0.06684977962814953, -0.06484543553800637, -0.05983569867550753, -0.07286445857303159, -0.06344255036086555, -0.032005463851450866, -0.0022000017746706124, -0.012200302661605544], "16": [-0.07787869970821237, -0.027603505297721265, -0.08731088899392514, -0.0780793093255161, -0.06123826802191212, -0.05943498634250166, -0.04441460102045269, -0.04041099795694114, 0.016200708671695985, 0.0030000045000182496], "17": [-0.08269421621686601, -0.028403819103646866, -0.057431566695207215, -0.058433247168810265, -0.05282456382049516, -0.048619152239562036, -0.031004967315081844, -0.02360219125857732, 0.02560279702762225, -0.0060000360005831865], "18": [-0.06725068046489069, -0.024602481831916823, -0.06985680268890593, -0.07286445857303159, -0.049019629382637486, -0.04181218201930936, -0.02280197585424215, -0.02360219125857732, -0.005600029269746232, -0.007000057167927176], "19": [-0.07667510766659436, -0.007200062209451241, -0.042412714459250545, -0.03941020095827641, -0.011800273855826271, -0.032005463851450866, -0.02340213601035912, -0.011600260165087084, 0.004800018432191022, -0.0022000017746706124], "20": [-0.0838983913231186, -0.020401415209044815, -0.044014209716322306, -0.05803256799222112, -0.02180172707470751, -0.035007149775348356, -0.0342066704595132, -0.026803209176006204, 0.004800018432191022, 0.012400317792655713], "21": [-0.04461479934037915, -0.010800209963020668, -0.027003281576635008, -0.05402627849726915, -0.013200383358059176, -0.006200039722020323, -0.037208585155291685, -0.04441460102045269, 0.005600029269746454, -0.0022000017746706124], "22": [-0.049620359870572894, -0.012800349551105539, -0.016800790372387686, -0.019001143352413763, -0.011400246938441772, -0.02280197585424215, -0.04181218201930936, -0.03120506410663526, 0.015600632805302217, 0.001800000972001392], "23": [-0.05462716501426623, -0.012400317792655713, -0.01740087812364277, -0.010400187486458545, -0.004800018432191022, -0.03580765153241816, -0.050421361771062045, -0.05703091071436983, 0.0078000790941654685, 0.01200028801866404], "24": [-0.028403819103646866, -0.008000085335790885, -0.027203355058446288, -0.027403429629465847, -0.023802247451584657, -0.02160167996873663, -0.05482746489672796, -0.05863359027504611, 0.002600002929342482, -0.0022000017746706124], "25": [-0.03800915128108362, -0.02220182391253256, -0.022601924304985532, -0.020601457247629185, -0.06264095799757463, -0.05943498634250166, -0.06564714141643124, -0.06163902415523426, 0.02300202831621112, -0.0008000000853334299], "26": [-0.02360219125857732, -0.015200585362194374, -0.037208585155291685, -0.0514226597407752, -0.057832231905622145, -0.06224017696125128, -0.06805251467943196, -0.07005729308805031, 0.003200005461358346, -0.010400187486458545], "27": [-0.023802247451584657, -0.037208585155291685, -0.031004967315081844, -0.05062161728522141, -0.06123826802191212, -0.08831475700868219, -0.07346606811868162, -0.0794836652705373, 0.004200012348098081, 0.018201004911130747], "28": [-0.027803582071239008, -0.03180536201238526, -0.06444459828188176, -0.053024844250537884, -0.06845344818788957, -0.06544671100566868, -0.0782799220915118, -0.09313458396835395, 0.01960125513965738, -0.011400246938441772], "29": [-0.04461479934037915, -0.019001143352413763, -0.05542837778801779, -0.07246340023277598, -0.07406770430332776, -0.05642994390649969, -0.06224017696125128, -0.06684977962814953, 0.013200383358059176, -0.00180000097200117]}