{"7": [0.05202346322794993, -0.015400608775638647, -0.04921987090075253, 0.12351380799602918, -0.008400098787136434, -0.07346606811868162, 0.00520002343495185, -0.051622925494863914], "3": [0.05162292549486369, -0.015200585362194374, -0.09876046723058929, 0.14996143458953193, 0.07868115710246726, 0.08369768705117542, 0.006800052406423784, -0.05202346322794993], "4": [0.050020856805770064, -0.015000562556960695, 0.010200176876281164, 0.13884568423889343, 0.08209217383954859, -0.121498705448567, 0.004400014197456947, -0.051622925494863914], "18": [0.052223735223142054, -0.014400497710443494, 0.11062550114649605, 0.2054421175101342, 0.17468709173273123, 0.11082673346861949, 0.006600047916939467, -0.053425411505618525], "14": [0.050221108280608995, -0.014400497710443494, 0.09333545640526997, -0.034606907344452376, 0.14005744765412276, -0.017000818939840734, 0.005400026244344547, -0.05182319332122298], "8": [0.052223735223142054, -0.015000562556960695, -0.03320610208850261, -0.07647451985999854, 0.08389839132311883, -0.1954418582098496, 0.003800009145392913, -0.053024844250537884], "19": [0.04821868290011899, -0.014200477257973354, 0.234955799844633, 0.16109588672084518, 0.21055226472187716, -0.25391980849059625, 0.0028000036586797172, -0.04581602711855348], "0": [0.05182319332122298, -0.014600518739093404, 0.0750704910767166, -0.02300202831621112, 0.035207273090639646, -0.15299618666811776, 0.004200012348098081, -0.05282456382049516], "16": [0.052223735223142054, -0.01480054035192957, 0.09152773945101722, -0.0010000001666665703, -0.09032276179227394, -0.046416665708659544, 0.005000020833567653, -0.05102213441702763], "6": [0.05202346322794993, -0.01480054035192957, 0.032405671383525014, -0.20115380089609047, -0.05602931071548389, -0.048619152239562036, 0.00520002343495185, -0.05082187483117884], "10": [0.05202346322794993, -0.015000562556960695, 0.08189149968482945, -0.043613825472686774, -0.05202346322794993, 0.03160526144725173, 0.0060000360005831865, -0.05202346322794993], "13": [0.05042136177106227, -0.01480054035192957, 0.06885439271760352, -0.05482746489672796, 0.11223548637708003, -0.0176009087560125, 0.005400026244344547, -0.051622925494863914], "15": [0.049820607338454836, -0.014600518739093404, 0.0060000360005831865, -0.05422657182264401, -0.05262428551131482, -0.23989434666069953, 0.0034000065507009403, -0.04801845113654735], "21": [0.04821868290011899, -0.014200477257973354, 0.027803582071238786, 0.033606325390027614, 0.14854569477050839, 0.17814069547888622, 0.007000057167927398, -0.028003659958046878], "23": [0.05062161728522163, -0.014600518739093404, 0.08470124236968424, 0.09273285039257173, 0.24277791486137956, 0.15481771799036936, 0.007200062209451241, -0.051622925494863914], "9": [0.05162292549486369, -0.015200585362194374, 0.011800273855826493, 0.026002930224795495, -0.042412714459250545, -0.043013262204449676, 0.00520002343495185, -0.05102213441702763], "2": [0.052223735223142054, -0.015200585362194374, -0.08048687268352572, 0.08791319915204432, 0.08590562172457661, 0.003800009145392913, 0.005800032519158949, -0.05282456382049516], "1": [0.05162292549486369, -0.014400497710443494, 0.16839472786433096, -0.025202667930479317, -0.053425411505618525, 0.014800540351929792, 0.0060000360005831865, -0.05202346322794993], "12": [0.052223735223142054, -0.015400608775638647, -0.2040122568731133, -0.029804412362153476, 0.136422771014568, -0.18179979554178471, 0.004000010666743492, -0.053425411505618525], "17": [0.05182319332122298, -0.015000562556960695, 0.03500714977534858, 0.1473324422910567, -0.03840944345156383, 0.09112606551082547, 0.006400043691471957, -0.05022110828060877]}