{"0": [0.19014369283622545, 0.17367172830571032, 0.19156958415968628, 0.18200315059662242, 0.18729308061550176, 0.18179979554178471, 0.15562745334418548, 0.12210318377718288, 0.08951951651350054, 0.052424009314897324], "1": [0.19116214653105978, 0.18179979554178471, 0.19442255335160175, 0.18668243626153846, 0.16210908805716695, 0.14490659067344414, 0.12956217538057224, 0.1003684307563859, 0.05863359027504611, 0.019201179843732374], "2": [0.19197705398727405, 0.18322344107964628, 0.18261326146379764, 0.15340092697538132, 0.16454145851401814, 0.12956217538057224, 0.0913269006339259, 0.06544671100566868, 0.032205566972485, -0.008400098787136434], "3": [0.1852578728688481, 0.1934034530383133, 0.16900336811172134, 0.15481771799036936, 0.1041883957412959, 0.08650785813879613, 0.07286445857303159, 0.020201373986970417, 0.0078000790941654685, -0.029404237012243595], "4": [0.17326563363386027, 0.17428092458805056, 0.1507705645773052, 0.1368265335344061, 0.09514347930589007, 0.05062161728522163, 0.01880110762150755, 0.017200848187589157, -0.024602481831916823, -0.057431566695207215], "5": [0.17204752249257127, 0.15502014221449323, 0.10680293201860835, 0.09474166968862896, 0.06364295480974524, 0.022801975854242595, 0.0014000004573337943, -0.048619152239562036, -0.0514226597407752, -0.06564714141643124], "6": [0.15198444625214624, 0.11767136916024401, 0.0989614485757544, 0.06644888955134998, 0.020601457247629407, 0.004000010666743492, -0.027603505297721265, -0.0340065540766703, -0.06664933324883782, -0.07085928297348865], "7": [0.12532783116806545, 0.09213027814929742, 0.06684977962814975, 0.031205064106635705, -0.0012000002880001581, -0.026803209176006204, -0.029204151107594, -0.07386715593489623, -0.07005729308805031, -0.0822928513076302], "8": [0.09936342330618442, 0.05522807127549445, 0.009200129786276712, 0.001600000682667524, -0.03160526144725151, -0.050421361771062045, -0.07326552865450431, -0.08811397629971918, -0.08510268838387325, -0.07667510766659436], "9": [0.06524628322778048, 0.036808311071163446, -0.00020000000133335583, -0.026803209176006204, -0.048819389831603166, -0.07246340023277598, -0.07186183459382334, -0.09112606551082547, -0.09996641562749287, -0.0877124255573738], "10": [0.04121166466689785, -0.00520002343495185, -0.009400138436171268, -0.044014209716322306, -0.058232906410576435, -0.0640437713941937, -0.08871632914360905, -0.07667510766659436, -0.06524628322778048, -0.06805251467943196], "11": [0.01960125513965738, -0.011800273855826271, -0.05422657182264401, -0.0756721993810312, -0.08470124236968446, -0.1003684307563859, -0.08128949701840371, -0.0782799220915118, -0.06384336181813888, -0.05522807127549423], "12": [-0.02300202831621112, -0.04821868290011899, -0.06524628322778048, -0.061438644853595736, -0.09514347930588984, -0.09052358222243684, -0.06664933324883782, -0.07326552865450431, -0.05062161728522141, -0.053024844250537884], "13": [-0.05963534131062498, -0.07126029500405195, -0.06324214846335385, -0.0774774898867936, -0.08811397629971918, -0.08008558003365907, -0.07386715593489623, -0.06725068046489069, -0.06324214846335385, -0.046416665708659544], "14": [-0.06224017696125128, -0.07406770430332776, -0.09695181422163657, -0.08570488320469583, -0.08108883603469752, -0.07246340023277598, -0.04681710073198553, -0.057431566695207215, -0.06023642062806811, -0.04701732105685963], "15": [-0.091527739451017, -0.08269421621686601, -0.08108883603469752, -0.07968430030766416, -0.06504585807461072, -0.07005729308805031, -0.049620359870572894, -0.053425411505618525, -0.015800657459193568, -0.020201373986970195], "16": [-0.08530341654261075, -0.08630710918335627, -0.08349698615859746, -0.07888177936387586, -0.0780793093255161, -0.04181218201930936, -0.04141183545474747, -0.04161200790286412, -0.0340065540766703, -0.027603505297721265], "17": [-0.0774774898867936, -0.08550414814679663, -0.06444459828188176, -0.05763189814265757, -0.049620359870572894, -0.06304174910906446, -0.030004501823476915, -0.024802542869180932, -0.016000682745321848, -0.0176009087560125], "18": [-0.08128949701840371, -0.08650785813879591, -0.045415610594175204, -0.04181218201930936, -0.04201235781214674, -0.06825298006008884, -0.01960125513965716, -0.013600419277564946, -0.02860390037849636, -0.03600778053846487], "19": [-0.08048687268352572, -0.06885439271760352, -0.06684977962814953, -0.028803982798750516, -0.050421361771062045, -0.011600260165087084, -0.013200383358059176, -0.026202998380952858, -0.02860390037849636, -0.03140516214801359], "20": [-0.07787869970821237, -0.05803256799222112, -0.04942011439403515, -0.046016238133373966, -0.027003281576635008, -0.026603137848533187, -0.011400246938441772, -0.013600419277564946, -0.02220182391253256, -0.03700844737170539], "21": [-0.04141183545474747, -0.04221253528943891, -0.039610357166428134, -0.027603505297721265, -0.03260577709260826, -0.015400608775638647, -0.018201004911130525, -0.05422657182264401, -0.045415610594175204, -0.03060477744930923], "22": [-0.046216450994050584, -0.03840944345156383, -0.043013262204449676, -0.02220182391253256, -0.020801500110738447, -0.03180536201238526, -0.020201373986970195, -0.03440678821275944, -0.020601457247629185, -0.04181218201930936], "23": [-0.03800915128108362, -0.02180172707470751, -0.033606325390027614, -0.03180536201238526, -0.019801293960290733, -0.035007149775348356, -0.0352072730906392, -0.05582899749990089, -0.04141183545474747, -0.05102213441702763], "24": [-0.035607523961129095, -0.045015201356314094, -0.020601457247629185, -0.017000818939840734, -0.029804412362153476, -0.040210835349511864, -0.04801845113654735, -0.05803256799222112, -0.05222373522314161, -0.08108883603469752], "25": [-0.03180536201238526, -0.021401633727370806, -0.025002604899361014, -0.03700844737170539, -0.04441460102045269, -0.05242400931489688, -0.06484543553800637, -0.05943498634250166, -0.10137353993484588, -0.07486992770386913], "26": [-0.04581602711855348, -0.03660817624561652, -0.028803982798750516, -0.03220556697248478, -0.0352072730906392, -0.053425411505618525, -0.06504585807461072, -0.07908240480687212, -0.07928303343968324, -0.07466936734830942], "27": [-0.0352072730906392, -0.05262428551131482, -0.026603137848533187, -0.045015201356314094, -0.047417767373429065, -0.06885439271760352, -0.0750704910767166, -0.08269421621686601, -0.09192942820039574, -0.07607335348745425], "28": [-0.03880974177965979, -0.013000366194516166, -0.035007149775348356, -0.06003605844527837, -0.08249353209732013, -0.08630710918335627, -0.07146080531993393, -0.09132690063392568, -0.07607335348745425, -0.0640437713941937], "29": [-0.05122239605086154, -0.045015201356314094, -0.05382598734137667, -0.06324214846335385, -0.07667510766659436, -0.08510268838387325, -0.07346606811868162, -0.07647451985999854, -0.06664933324883782, -0.03580765153241816]}