{"0": [0.04041099795694114, 0.1323863651449786, 0.16961207157473757, 0.17346867735757776, 0.19299586992100615, 0.16474420019856728, 0.15724723327864565, 0.1090158037873381, 0.1005694444203391, -0.018601072642999483], "1": [0.02180172707470751, 0.16170378743533131, 0.18342684960570188, 0.17448400452530954, 0.16616358384366037, 0.14955690672189537, 0.11223548637708003, 0.11183296284481314, 0.07126029500405218, -0.006200039722020323], "2": [0.002600002929342482, 0.16819186178741696, 0.1669748117493164, 0.16514970407821905, 0.14207751438271732, 0.10941820137571545, 0.10378622327937648, 0.04541561059417498, 0.02720335505844651, -0.0008000000853334299], "3": [0.02560279702762225, 0.15927254388661005, 0.16717763603629687, 0.1390476305098367, 0.10016742116155974, 0.08590562172457661, 0.05723123755515114, 0.03280588410777363, 0.0004000000106665347, 0.004600016222821468], "4": [0.029204151107594, 0.14632156548325526, 0.13379885699377136, 0.11384576380901579, 0.08429981003812692, 0.07266392793934817, 0.03720858515529191, -0.006800052406423784, -0.019401217103475865, -0.00020000000133335583], "5": [-0.0004000000106665347, 0.1166644654729374, 0.08329628863713068, 0.0925319892370744, 0.06344255036086577, 0.031004967315082066, -0.004400014197456947, -0.015200585362194374, -0.03740872442997256, -0.001600000682667524], "6": [0.030204592486422488, 0.07767809323137809, 0.07126029500405218, 0.059034283564020074, 0.03900989327294768, 0.001800000972001392, -0.043013262204449676, -0.048619152239562036, -0.06244056622408811, 0.0022000017746706124], "7": [0.03480702786263423, 0.08871632914360905, 0.052824563820495385, 0.02420236270404863, -0.00520002343495185, -0.025202667930479317, -0.03220556697248478, -0.04221253528943891, -0.07126029500405195, -0.004800018432191022], "8": [0.02340213601035912, 0.05162292549486369, 0.032205566972485, -0.010000166674166922, -0.03120506410663526, -0.04061116218433436, -0.045215405068466774, -0.059034283564020074, -0.08711012600858759, -0.014200477257973354], "9": [0.027803582071238786, 0.029804412362153476, -0.010200176876281164, -0.03320610208850261, -0.04841891659842901, -0.0676515921268781, -0.07968430030766416, -0.10901580378733788, -0.1055961329941899, 0.01740087812364277], "10": [0.042412714459250545, -0.005000020833567653, -0.03380643905618874, -0.030804871765317987, -0.05963534131062498, -0.08811397629971918, -0.06725068046489069, -0.0782799220915118, -0.0784805380144209, 0.011400246938441772], "11": [0.04921987090075275, -0.021401633727370806, -0.03660817624561652, -0.060637152265228034, -0.06304174910906446, -0.0838983913231186, -0.08409909898268353, -0.09956441670816973, -0.06644888955134975, -0.014200477257973354], "12": [0.04141183545474747, -0.04561581794151226, -0.08510268838387325, -0.08008558003365907, -0.08209217383954837, -0.08409909898268353, -0.0742682556562404, -0.07085928297348865, -0.06424418354605832, 0.0028000036586797172], "13": [0.03660817624561674, -0.04921987090075253, -0.08088817832314166, -0.0742682556562404, -0.08149016128250008, -0.08951951651350032, -0.07246340023277598, -0.07105978755796483, -0.058433247168810265, 0.003200005461358346], "14": [0.04341363597838077, -0.049820607338454614, -0.0704582823566382, -0.07607335348745425, -0.07908240480687212, -0.08189149968482945, -0.07126029500405195, -0.04921987090075253, -0.05963534131062498, 0.01760090875601228], "15": [0.032005463851450866, -0.06885439271760352, -0.08670861058929846, -0.07627393513635572, -0.06544671100566868, -0.06885439271760352, -0.05182319332122298, -0.048619152239562036, -0.03160526144725151, 0.010600198512703995], "16": [0.049820607338454836, -0.06284135228985233, -0.08972032238350347, -0.0750704910767166, -0.06304174910906446, -0.05242400931489688, -0.03941020095827641, -0.06284135228985233, -0.008800113582624558, 0.015400608775638647], "17": [0.04541561059417498, -0.04461479934037915, -0.08510268838387325, -0.0674511349386464, -0.04381401671597773, -0.035007149775348356, -0.050421361771062045, -0.033005992437058485, -0.04041099795694114, 0.016400735246325127], "18": [0.037809007484817414, -0.029204151107594, -0.07105978755796483, -0.06203979020092332, -0.04661688228527838, -0.03760886520379736, -0.030004501823476915, -0.008000085335790885, -0.03480702786263423, -0.02560279702762225], "19": [0.042412714459250545, -0.046416665708659544, -0.05683058616474579, -0.0352072730906392, -0.028803982798750516, -0.025802863109693153, -0.026202998380952858, -0.036808311071163224, -0.03240567138352479, 0.012800349551105539], "20": [0.02320208169891025, -0.030204592486422266, -0.045215405068466774, -0.025202667930479317, -0.025402731970558756, -0.0352072730906392, -0.027603505297721265, -0.019401217103475865, -0.021401633727370806, 0.024002304597401602], "21": [0.032005463851450866, -0.027603505297721265, -0.058433247168810265, -0.040210835349511864, -0.019201179843732374, -0.03860959184188317, -0.020201373986970195, -0.028803982798750516, -0.041011495531252606, 0.01200028801866404], "22": [0.01960125513965738, -0.017800940092709272, -0.045015201356314094, -0.027803582071239008, -0.03160526144725151, -0.04041099795694114, -0.025402731970558756, -0.05122239605086154, -0.050421361771062045, 0.015000562556960917], "23": [0.0364080428870166, -0.010800209963020668, -0.025202667930479317, -0.037208585155291685, -0.038209296600648424, -0.04701732105685963, -0.03440678821275944, -0.04942011439403515, -0.07286445857303159, 0.008200091897447415], "24": [0.03140516214801381, -0.02160167996873663, -0.034606907344452376, -0.03540739781655122, -0.02280197585424215, -0.0342066704595132, -0.0662484485275241, -0.06103789365204637, -0.07667510766659436, 0.02700328157663523], "25": [0.030204592486422488, -0.015000562556960695, -0.02360219125857732, -0.04461479934037915, -0.03320610208850261, -0.04201235781214674, -0.06524628322778048, -0.07346606811868162, -0.08510268838387325, 0.0034000065507009403], "26": [0.04962035987057267, -0.024402421779546435, -0.014000457373674724, -0.03900989327294768, -0.04461479934037915, -0.0640437713941937, -0.0692553483339422, -0.07627393513635572, -0.08711012600858759, 0.01300036619451661], "27": [0.03580765153241816, -0.010800209963020668, -0.05022110828060877, -0.07466936734830942, -0.06284135228985233, -0.0784805380144209, -0.07306499214201922, -0.09273285039257173, -0.07446881000183381, -0.004800018432191022], "28": [0.04101149553125305, -0.03480702786263423, -0.04001067435398897, -0.07647451985999854, -0.0971527598475106, -0.05863359027504611, -0.0774774898867936, -0.07968430030766416, -0.07687569856435683, 0.011800273855826493], "29": [0.0364080428870166, -0.04681710073198553, -0.06083752173586321, -0.08630710918335627, -0.05622962618164551, -0.0838983913231186, -0.07146080531993393, -0.0802862247389915, -0.08329628863713046, 0.016800790372387908]}