{"0": [0.1787503767394465, 0.19014369283622545, 0.18403712127616267, 0.1824098835483614, 0.18586835329347196, 0.0060000360005831865, -0.02560279702762225, 0.005800032519158949], "1": [0.16819186178741696, 0.1948302506833095, 0.17062671849197097, 0.17956338961306595, 0.1340006634009927, -0.0030000045000180275, -0.0032000054613585682, -0.004000010666743492], "2": [0.16920626222999235, 0.16819186178741696, 0.18403712127616267, 0.15623482234691632, 0.12653740994206375, 0.007400067538997801, -0.0078000790941654685, -0.008200091897447193], "3": [0.1789536187401779, 0.16413599561035586, 0.15198444625214624, 0.11565768059207993, 0.10760755134392808, -0.018201004911130525, -0.0200013335733904, -0.005000020833567653], "4": [0.14854569477050839, 0.13884568423889343, 0.10559613299419013, 0.08289490367451635, 0.06083752173586321, -0.002800003658679495, -0.019201179843732374, -0.012600333419820808], "5": [0.12472311101047584, 0.09976541414581819, 0.08590562172457661, 0.07005729308805031, 0.046416665708659544, -0.0030000045000180275, -0.032005463851450866, -0.0078000790941654685], "6": [0.11948409858437459, 0.0784805380144209, 0.06584757446822298, 0.040611162184334804, 0.00900012150442886, -0.012400317792655713, -0.020801500110738447, -0.013600419277564946], "7": [0.08108883603469796, 0.04161200790286412, 0.03620791098731546, 0.006800052406423784, -0.015800657459193568, -0.0014000004573337943, -0.01380043804954112, 0.004000010666743492], "8": [0.02560279702762225, 0.03140516214801381, -0.00180000097200117, -0.021201588342593336, -0.03260577709260826, 0.0006000000360000257, -0.007400067538997801, 0.0004000000106665347], "9": [0.03660817624561674, 0.0008000000853334299, -0.0030000045000180275, -0.03320610208850261, -0.07126029500405195, -0.025202667930479317, -0.002000001333335666, -0.008200091897447193], "10": [-0.010800209963020668, -0.028003659958046878, -0.042412714459250545, -0.057431566695207215, -0.08309559447852077, -0.023802247451584657, -0.016000682745321848, 0.01740087812364277], "11": [-0.013200383358059176, -0.050020856805770064, -0.06664933324883782, -0.08209217383954837, -0.08149016128250008, 0.004400014197456947, -0.005600029269746232, -0.008200091897447193], "12": [-0.03440678821275944, -0.04761799338128503, -0.0943398754128486, -0.08871632914360905, -0.07446881000183381, -0.018401038408877968, -0.013200383358059176, 0.004800018432191022], "13": [-0.05502776698110079, -0.07527105747505547, -0.08891712058614476, -0.07908240480687212, -0.07607335348745425, -0.014200477257973354, -0.033005992437058485, 0.006600047916939467], "14": [-0.057431566695207215, -0.0838983913231186, -0.08530341654261075, -0.0822928513076302, -0.05923463376300897, -0.03440678821275944, -0.010400187486458545, 0.0014000004573337943], "15": [-0.07888177936387586, -0.05943498634250166, -0.08972032238350347, -0.0706587812424404, -0.06905486913585834, -0.002800003658679495, -0.013000366194516166, -0.019401217103475865], "16": [-0.06985680268890593, -0.07306499214201922, -0.06464501560981395, -0.05582899749990089, -0.06785205203775102, -0.0010000001666665703, -0.019801293960290733, -0.001600000682667524], "17": [-0.08550414814679663, -0.06644888955134975, -0.07366661054274681, -0.04801845113654735, -0.05703091071436983, -0.006800052406423784, -0.022001775053300587, 0.012800349551105539], "18": [-0.06103789365204637, -0.08590562172457661, -0.06123826802191212, -0.04381401671597773, -0.047417767373429065, 0.004200012348098081, 0.0028000036586797172, 0.0006000000360000257], "19": [-0.04701732105685963, -0.057832231905622145, -0.05763189814265757, -0.028203738966173342, -0.028203738966173342, -0.002800003658679495, -0.021201588342593336, -0.010400187486458545], "20": [-0.04161200790286412, -0.049620359870572894, -0.025402731970558756, -0.04061116218433436, -0.025002604899361014, -0.020401415209044815, -0.026603137848533187, -0.0014000004573337943], "21": [-0.03380643905618874, -0.0340065540766703, -0.0264030675861906, -0.0060000360005831865, -0.025802863109693153, -0.009200129786276934, -0.015000562556960695, -0.013600419277564946], "22": [-0.04281307790869038, -0.02340213601035912, -0.01740087812364277, -0.04921987090075253, -0.04441460102045269, -0.004800018432191022, -0.024402421779546435, 0.02700328157663523], "23": [-0.021401633727370806, -0.0008000000853334299, -0.010600198512703773, -0.04801845113654735, -0.027003281576635008, 0.002600002929342482, -0.013400401049739719, -0.0014000004573337943], "24": [-0.026803209176006204, -0.005800032519158949, -0.037809007484817414, -0.053425411505618525, -0.06083752173586321, -0.002000001333335666, -0.016400735246324905, -0.006800052406423784], "25": [-0.02340213601035912, -0.02960432409441993, -0.03620791098731502, -0.049620359870572894, -0.05422657182264401, -0.01660076247721909, 0.01100022184541305, -0.017000818939840734], "26": [-0.018000972141744898, -0.00960014746211546, -0.031004967315081844, -0.04281307790869038, -0.06324214846335385, -0.010400187486458545, -0.013000366194516166, -0.005600029269746232], "27": [-0.04261289532964585, -0.020401415209044815, -0.03320610208850261, -0.051622925494863914, -0.06725068046489069, -0.007200062209451241, -0.02220182391253256, -0.014200477257973354], "28": [-0.039210046329801074, -0.06043678523200713, -0.07607335348745425, -0.06324214846335385, -0.07126029500405195, -0.04581602711855348, -0.004600016222821024, -0.004600016222821024], "29": [-0.0364080428870166, -0.06564714141643124, -0.06584757446822298, -0.07326552865450431, -0.07647451985999854, -0.03240567138352479, -0.017000818939840734, -0.003800009145392913]}