{"0": [0.20115380089609092, 0.18871819272687929, 0.20115380089609092, 0.19360725679408453, 0.1938110686938539, 0.1608932665049576, 0.019001143352413985, -0.022601924304985532], "1": [0.19686923089954544, 0.20442074519014408, 0.18749664442669678, 0.18729308061550176, 0.14106740858106348, 0.12351380799602918, 0.010000166674167144, 0.0012000002880003802], "2": [0.18586835329347196, 0.18668243626153846, 0.15724723327864565, 0.13178109298459462, 0.136422771014568, 0.08650785813879613, -0.008000085335790885, -0.007000057167927176], "3": [0.19075474102614098, 0.18363026580761455, 0.15259147161971187, 0.11686583667187356, 0.09936342330618442, 0.06985680268890593, 0.019201179843732374, 0.0028000036586797172], "4": [0.17265654571780198, 0.1698149868193859, 0.13924958248845454, 0.09574622264283317, 0.061238268021912345, 0.04321344822499107, 0.0006000000360000257, -0.005400026244344325], "5": [0.14227955302421158, 0.13258813336237352, 0.08429981003812692, 0.05562868652678321, 0.03880974177965979, -0.005600029269746232, -0.0030000045000180275, -0.0030000045000180275], "6": [0.1212972225973925, 0.10780871708273976, 0.06043678523200735, 0.027803582071238786, -0.006400043691471957, -0.031004967315081844, 0.008200091897447415, -0.014400497710443494], "7": [0.09695181422163679, 0.05262428551131504, 0.030204592486422488, -0.0008000000853334299, -0.02960432409441993, -0.048619152239562036, 0.002600002929342482, -0.012000288018663818], "8": [0.06885439271760352, 0.019801293960290955, -0.008200091897447193, -0.004000010666743492, -0.04661688228527838, -0.05622962618164551, -0.007000057167927176, 0.006800052406423784], "9": [0.03720858515529191, 0.020401415209045037, -0.012200302661605544, -0.05622962618164551, -0.061438644853595736, -0.07085928297348865, -0.0066000479169390225, -0.011600260165087084], "10": [0.02300202831621112, -0.03540739781655122, -0.03440678821275944, -0.0676515921268781, -0.06484543553800637, -0.06123826802191212, 0.001600000682667524, -0.001600000682667524], "11": [-0.03180536201238526, -0.04281307790869038, -0.05983569867550753, -0.058232906410576435, -0.07146080531993393, -0.07386715593489623, 0.00520002343495185, 0.0010000001666667924], "12": [-0.0514226597407752, -0.06384336181813888, -0.0784805380144209, -0.08349698615859746, -0.06785205203775102, -0.0836976870511752, 0.018201004911130747, -0.0022000017746706124], "13": [-0.04821868290011899, -0.06805251467943196, -0.08068752387549671, -0.10378622327937603, -0.09815754717500291, -0.06725068046489069, 0.0008000000853334299, -0.013200383358059176], "14": [-0.06985680268890593, -0.08048687268352572, -0.09614807090538369, -0.08189149968482945, -0.05883393573740747, -0.07687569856435683, -0.009400138436171268, -0.00960014746211546], "15": [-0.08149016128250008, -0.08108883603469752, -0.06684977962814953, -0.09112606551082547, -0.06224017696125128, -0.03760886520379736, 0.015400608775638647, 0.001800000972001392], "16": [-0.06584757446822298, -0.08911791562311211, -0.0514226597407752, -0.06705022869744637, -0.039210046329801074, -0.05022110828060877, 0.015200585362194152, -0.015400608775638647], "17": [-0.08610636371470659, -0.06444459828188176, -0.05663026389816106, -0.04661688228527838, -0.05522807127549423, -0.026803209176006204, -0.006200039722020323, -0.0012000002880001581], "18": [-0.05883393573740747, -0.07085928297348865, -0.03580765153241816, -0.04121166466689763, -0.03380643905618874, -0.02320208169891047, -0.004000010666743492, -0.015200585362194374], "19": [-0.061438644853595736, -0.06043678523200713, -0.04381401671597773, -0.03860959184188317, -0.029204151107594, -0.021201588342593336, -0.009800156872113108, -0.002000001333335666], "20": [-0.0514226597407752, -0.04261289532964585, -0.026202998380952858, -0.009400138436171268, -0.015600632805302217, -0.02360219125857732, -0.001600000682667524, -0.009000121504428638], "21": [-0.04461479934037915, -0.028403819103646866, -0.033005992437058485, -0.033606325390027614, -0.029204151107594, -0.04161200790286412, 0.00520002343495185, -0.004200012348097859], "22": [-0.034606907344452376, -0.03941020095827641, -0.024402421779546435, -0.007600073164568233, -0.019201179843732374, -0.02280197585424215, -0.007200062209451241, -0.0264030675861906], "23": [-0.02160167996873663, -0.030404684359021994, -0.028803982798750516, -0.009800156872113108, -0.028403819103646866, -0.039610357166428134, -0.005800032519158949, -0.004400014197456947], "24": [-0.012200302661605544, -0.04201235781214674, -0.022001775053300587, -0.03860959184188317, -0.029804412362153476, -0.033606325390027614, -0.005400026244344325, -0.012800349551105539], "25": [-0.012200302661605544, -0.02420236270404863, -0.04481499944964251, -0.05182319332122298, -0.046416665708659544, -0.05963534131062498, -0.014000457373674724, -0.013000366194516166], "26": [-0.03260577709260826, -0.03380643905618874, -0.02560279702762225, -0.04921987090075253, -0.043613825472686774, -0.0692553483339422, 0.02320208169891025, -0.012400317792655713], "27": [-0.037208585155291685, -0.0342066704595132, -0.05703091071436983, -0.05282456382049516, -0.04121166466689763, -0.0750704910767166, -0.008000085335790885, 0.004000010666743492], "28": [-0.028403819103646866, -0.05582899749990089, -0.049820607338454614, -0.08690936654313752, -0.07988493855929435, -0.09795658178859346, -0.007600073164568233, 0.004800018432191022], "29": [-0.047417767373429065, -0.05382598734137667, -0.06845344818788957, -0.08650785813879591, -0.08068752387549671, -0.08972032238350347, -0.0034000065507007182, -0.001600000682667524]}