{"7": [-0.08312733029833468, -0.061044168549250453, -0.008044580351451438, -0.008044580351451787, -0.008044580351451787, -0.008044580351451613, -0.021491648487947157, -0.030167176317944074], "3": [0.012737252223131837, 0.012737252223131837, 0.012737252223131488, 0.047518231977937385, 0.11128336152841567, 0.11128336152841585, 0.11128336152841549, 0.111283361528412], "4": [0.11128336152841567, 0.11128336152841585, 0.11128336152841549, 0.111283361528412, -0.03262524253644064, -0.10457954456887271, -0.10457954456887236, -0.10457954456887271], "18": [0.10524992626482688, 0.10524992626482696, 0.10524992626482678, 0.10524992626482348, 0.14544653854381212, 0.19843298200247633, 0.19843298200247614, 0.19843298200247614], "14": [-0.006703816959543128, 0.00477154030649915, 0.05832320754802315, 0.058323207548025245, 0.058323207548025065, 0.058323207548025065, -0.0077291066121802695, -0.07642351333879155], "8": [-0.008044580351451787, -0.008044580351451613, -0.021491648487947157, -0.030167176317944074, -0.030167176317943026, -0.030167176317943897, -0.030167176317944074, -0.008544080438633377], "19": [0.14544653854381212, 0.19843298200247633, 0.19843298200247614, 0.19843298200247614, 0.19843298200246953, -0.17319508286066054, -0.3003309997875315, -0.3003309997875315], "0": [-0.00871496204740603, -0.007886843481815332, -0.006703816959543128, -0.006703816959543128, -0.0067038169595429525, -0.006703816959543128, 0.006427777437679677, 0.011396488831223002], "16": [-0.07642351333878893, -0.07642351333879155, -0.07642351333879147, -0.005284185132816064, 0.012066870527177594, 0.012066870527177245, 0.012066870527177594, 0.023029582966900865], "6": [-0.10457954456887254, -0.08354796195069507, -0.0831273302983345, -0.08312733029833468, -0.08312733029833468, -0.061044168549250453, -0.008044580351451438, -0.008044580351451787], "10": [-0.006703816959543128, -0.006703816959542778, -0.006703816959543128, -0.007177027568452148, -0.00871496204740603, -0.00871496204740603, -0.00871496204740603, -0.008714962047405857], "13": [-0.030167176317943984, -0.009924278047950454, -0.006703816959543128, -0.00670381695954304, -0.006703816959543128, 0.00477154030649915, 0.05832320754802315, 0.058323207548025245], "15": [0.058323207548025065, 0.058323207548025065, -0.0077291066121802695, -0.07642351333879155, -0.07642351333878893, -0.07642351333879155, -0.07642351333879147, -0.005284185132816064], "21": [-0.3003309997875315, -0.2779717985165787, 0.07977542181856041, 0.07977542181856294, 0.0797754218185631, 0.07977542181856294, 0.09201317395451371, 0.11262412492032067], "23": [0.11262412492032432, 0.11262412492032432, 0.11262412492032432, 0.1678320292930325, 0.19306992843484186, 0.19306992843483523, 0.19306992843484186, 0.1930699284348415], "9": [-0.030167176317943026, -0.030167176317943897, -0.030167176317944074, -0.008544080438633377, -0.006703816959543128, -0.006703816959542778, -0.006703816959543128, -0.007177027568452148], "2": [0.011396488831223352, 0.011396488831223177, 0.011449067787768663, 0.012737252223132012, 0.012737252223131837, 0.012737252223131837, 0.012737252223131488, 0.047518231977937385], "1": [-0.0067038169595429525, -0.006703816959543128, 0.006427777437679677, 0.011396488831223002, 0.011396488831223352, 0.011396488831223177, 0.011449067787768663, 0.012737252223132012], "12": [-0.020492648313583453, -0.030167176317944074, -0.030167176317943897, -0.030167176317944074, -0.030167176317943984, -0.009924278047950454, -0.006703816959543128, -0.00670381695954304], "17": [0.012066870527177594, 0.012066870527177245, 0.012066870527177594, 0.023029582966900865, 0.10524992626482688, 0.10524992626482696, 0.10524992626482678, 0.10524992626482348]}