{"0": [0.017200848187589157, 0.05482746489672796, 0.16291976997367041, 0.18708952465713757, 0.17265654571780198, 0.13884568423889343, 0.09152773945101722, -0.0004000000106665347], "1": [-0.0008000000853334299, 0.03600778053846465, 0.15744973493436953, 0.16636638045183472, 0.13178109298459462, 0.11384576380901579, 0.07587277490508271, 0.0022000017746706124], "2": [0.02320208169891025, 0.03420667045951298, 0.16028544579844417, 0.14409816498528416, 0.10760755134392808, 0.09313458396835417, 0.05843324716881049, -0.001600000682667524], "3": [0.007600073164568455, 0.024802542869181154, 0.129763868489422, 0.12613419642485657, 0.08068752387549694, 0.07928303343968346, 0.03060477744930945, 0.0030000045000182496], "4": [0.0004000000106665347, 0.026202998380952858, 0.0989614485757544, 0.09012194501459514, 0.07226287544512511, 0.02720335505844651, -0.009800156872113108, -0.00520002343495185], "5": [-0.005400026244344325, 0.04201235781214696, 0.08891712058614498, 0.04821868290011899, 0.03480702786263423, 0.00520002343495185, -0.02420236270404863, 0.010000166674167144], "6": [-0.013200383358059176, 0.019001143352413985, 0.05042136177106227, 0.04381401671597773, 0.011600260165087306, -0.01740087812364277, -0.050020856805770064, 0.01740087812364277], "7": [0.007000057167927398, 0.009800156872113108, 0.029804412362153476, 0.0014000004573337943, -0.028003659958046878, -0.05983569867550753, -0.07667510766659436, 0.016400735246325127], "8": [0.00520002343495185, 0.010200176876281164, -0.004200012348097859, -0.029804412362153476, -0.045015201356314094, -0.06604801016920137, -0.05222373522314161, 0.01580065745919379], "9": [0.012600333419820586, -0.0004000000106665347, -0.019401217103475865, -0.049019629382637486, -0.049019629382637486, -0.07226287544512489, -0.06364295480974524, -0.018401038408877968], "10": [0.0030000045000182496, 0.024002304597401602, -0.04121166466689763, -0.06424418354605832, -0.0774774898867936, -0.0822928513076302, -0.07326552865450431, 0.00520002343495185], "11": [0.008400098787136656, -0.011000221845412828, -0.0704582823566382, -0.06544671100566868, -0.0756721993810312, -0.07286445857303159, -0.07025778630790125, 0.00900012150442886], "12": [0.009800156872113108, -0.0030000045000180275, -0.05883393573740747, -0.09855948988764629, -0.061438644853595736, -0.06684977962814953, -0.07466936734830942, -0.008800113582624558], "13": [0.004200012348098081, -0.0010000001666665703, -0.07647451985999854, -0.07126029500405195, -0.09072440631338274, -0.06664933324883782, -0.05562868652678321, -0.0004000000106665347], "14": [-0.007200062209451241, -0.010600198512703773, -0.08450052449770706, -0.08128949701840371, -0.07266392793934773, -0.06905486913585834, -0.045215405068466774, -0.02280197585424215], "15": [0.001600000682667524, -0.019201179843732374, -0.08871632914360905, -0.06384336181813888, -0.044014209716322306, -0.057832231905622145, -0.05202346322794993, -0.0024000023040058327], "16": [-0.0006000000360000257, 0.004800018432191022, -0.07286445857303159, -0.06684977962814953, -0.049019629382637486, -0.05542837778801779, -0.038209296600648424, -0.007400067538997801], "17": [0.013600419277564946, 0.0024000023040058327, -0.07988493855929435, -0.05703091071436983, -0.03540739781655122, -0.04381401671597773, -0.03060477744930923, 0.0022000017746706124], "18": [-0.009000121504428638, 0.0078000790941654685, -0.05963534131062498, -0.043013262204449676, -0.0340065540766703, -0.038209296600648424, -0.02340213601035912, -0.005000020833567653], "19": [0.007000057167927398, -0.004600016222821024, -0.03620791098731502, -0.04421440448179048, -0.029804412362153476, -0.012000288018663818, -0.017800940092709272, -0.005800032519158949], "20": [0.007600073164568455, -0.007400067538997801, -0.03700844737170539, -0.026202998380952858, -0.01480054035192957, -0.02220182391253256, -0.0342066704595132, -0.003800009145392913], "21": [0.007000057167927398, 0.007200062209451241, -0.026603137848533187, -0.027403429629465847, -0.01740087812364277, -0.033606325390027614, -0.049620359870572894, -0.007200062209451241], "22": [0.02340213601035912, 0.008200091897447415, -0.03480702786263423, -0.02340213601035912, -0.03540739781655122, -0.03540739781655122, -0.0364080428870166, 0.004600016222821468], "23": [-0.008000085335790885, -0.005800032519158949, -0.021001543806387968, -0.02280197585424215, -0.043013262204449676, -0.06083752173586321, -0.06284135228985233, 0.002000001333335888], "24": [0.005000020833567653, 0.017800940092709494, -0.024002304597401602, -0.03760886520379736, -0.05683058616474579, -0.04121166466689763, -0.049620359870572894, -0.023802247451584657], "25": [0.0008000000853334299, 0.002600002929342482, -0.03320610208850261, -0.0352072730906392, -0.04341363597838055, -0.04041099795694114, -0.06043678523200713, 0.020001333573390623], "26": [-0.0022000017746706124, -0.01380043804954112, -0.032005463851450866, -0.06845344818788957, -0.06003605844527837, -0.07306499214201922, -0.07186183459382334, -0.024002304597401602], "27": [0.008000085335791107, -0.002800003658679495, -0.04841891659842901, -0.06945583032002767, -0.06664933324883782, -0.08329628863713046, -0.05222373522314161, -0.0010000001666665703], "28": [0.001600000682667524, -0.008600106012861541, -0.06544671100566868, -0.06304174910906446, -0.06524628322778048, -0.08189149968482945, -0.0836976870511752, -0.002600002929342038], "29": [0.01200028801866404, -0.02160167996873663, -0.06544671100566868, -0.0802862247389915, -0.0640437713941937, -0.07667510766659436, -0.0794836652705373, 0.007600073164568455]}