{"0": [0.00900012150442886, 0.2007455865848664, 0.20932532556767347, 0.20237864803057826, 0.1637305599338139, 0.14692807342841863, 0.1223046865069124, 0.08209217383954859], "1": [0.0024000023040058327, 0.20013332866777245, 0.1712355917298798, 0.1716415428267304, 0.1323863651449786, 0.11545633777919106, 0.10298192882786461, 0.04801845113654735], "2": [0.0008000000853334299, 0.1856648520435218, 0.1789536187401779, 0.15947511105090628, 0.11022304998774679, 0.08409909898268353, 0.06564714141643102, 0.026603137848533187], "3": [0.0008000000853334299, 0.17529639706756406, 0.15421048365070011, 0.10881461164301975, 0.09855948988764629, 0.06705022869744659, 0.012200302661605544, -0.0006000000360000257], "4": [0.005000020833567653, 0.15097286259512366, 0.11223548637708003, 0.08470124236968424, 0.046016238133373966, 0.02520266793047976, -0.002800003658679495, -0.0364080428870166], "5": [-0.016400735246324905, 0.1335970560682218, 0.09072440631338319, 0.04921987090075275, 0.03941020095827641, -0.031004967315081844, -0.011800273855826271, -0.048819389831603166], "6": [0.002600002929342482, 0.09735370940879662, 0.06464501560981395, 0.03880974177965979, -0.0008000000853334299, -0.022601924304985532, -0.03540739781655122, -0.06484543553800637], "7": [0.01760090875601228, 0.06203979020092332, 0.034406788212759665, 0.006400043691471957, -0.037208585155291685, -0.03380643905618874, -0.049620359870572894, -0.05963534131062498], "8": [-0.004400014197456947, 0.03740872442997234, -0.0014000004573337943, -0.03260577709260826, -0.06684977962814953, -0.06284135228985233, -0.06845344818788957, -0.09855948988764629], "9": [0.00020000000133335583, -0.013400401049739719, -0.017800940092709272, -0.0676515921268781, -0.07607335348745425, -0.0782799220915118, -0.07888177936387586, -0.08690936654313752], "10": [0.011600260165087306, -0.022001775053300587, -0.045015201356314094, -0.0662484485275241, -0.09333545640526997, -0.07988493855929435, -0.07446881000183381, -0.08329628863713046], "11": [0.009800156872113108, -0.03981051496231336, -0.05683058616474579, -0.08590562172457661, -0.0780793093255161, -0.06264095799757463, -0.0782799220915118, -0.05642994390649969], "12": [0.013600419277564946, -0.06203979020092332, -0.07988493855929435, -0.0692553483339422, -0.08992113188110396, -0.07968430030766416, -0.08731088899392514, -0.0802862247389915], "13": [0.01760090875601228, -0.08149016128250008, -0.0877124255573738, -0.10278086568109845, -0.07727688966624058, -0.0879131991520441, -0.06725068046489069, -0.05602931071548389], "14": [-0.011200234167885403, -0.0756721993810312, -0.09132690063392568, -0.0774774898867936, -0.06725068046489069, -0.06524628322778048, -0.04461479934037915, -0.04201235781214674], "15": [0.0012000002880003802, -0.0774774898867936, -0.07968430030766416, -0.07446881000183381, -0.06203979020092332, -0.059034283564020074, -0.039610357166428134, -0.04841891659842901], "16": [0.002600002929342482, -0.07486992770386913, -0.07186183459382334, -0.05622962618164551, -0.06163902415523426, -0.04221253528943891, -0.026603137848533187, -0.03480702786263423], "17": [-0.0012000002880001581, -0.08570488320469583, -0.07186183459382334, -0.04221253528943891, -0.035007149775348356, -0.036808311071163224, -0.011600260165087084, -0.018201004911130525], "18": [-0.0022000017746706124, -0.07005729308805031, -0.05022110828060877, -0.037809007484817414, -0.030204592486422266, -0.012200302661605544, -0.007200062209451241, -0.013200383358059176], "19": [0.002000001333335888, -0.07767809323137786, -0.027803582071239008, -0.03440678821275944, -0.027803582071239008, -0.02560279702762225, -0.014200477257973354, -0.03160526144725151], "20": [0.004000010666743492, -0.030404684359021994, -0.027803582071239008, -0.025002604899361014, -0.0264030675861906, -0.015200585362194374, -0.05262428551131482, -0.044014209716322306], "21": [-0.009400138436171268, -0.04181218201930936, -0.01660076247721909, -0.033606325390027614, -0.025202667930479317, -0.033406213070145796, -0.025402731970558756, -0.03140516214801359], "22": [-0.02180172707470751, -0.028803982798750516, -0.020801500110738447, -0.036808311071163224, -0.045415610594175204, -0.046016238133373966, -0.04181218201930936, -0.05282456382049516], "23": [0.0030000045000182496, -0.021401633727370806, -0.044014209716322306, -0.030804871765317987, -0.028803982798750516, -0.04001067435398897, -0.04701732105685963, -0.048619152239562036], "24": [0.008000085335791107, -0.023802247451584657, -0.026202998380952858, -0.04581602711855348, -0.04681710073198553, -0.06604801016920137, -0.05622962618164551, -0.06284135228985233], "25": [0.007200062209451241, -0.022401873660421456, -0.026603137848533187, -0.04701732105685963, -0.05442686732560764, -0.0742682556562404, -0.07928303343968324, -0.09112606551082547], "26": [-0.026002930224795273, -0.019401217103475865, -0.039210046329801074, -0.059034283564020074, -0.0704582823566382, -0.05422657182264401, -0.0742682556562404, -0.07146080531993393], "27": [-0.022601924304985532, -0.032805884107772965, -0.04681710073198553, -0.06725068046489069, -0.0756721993810312, -0.06965631510229087, -0.06985680268890593, -0.07025778630790125], "28": [-0.005800032519158949, -0.043613825472686774, -0.07326552865450431, -0.07286445857303159, -0.07386715593489623, -0.07406770430332776, -0.09976541414581774, -0.08249353209732013], "29": [-0.002600002929342038, -0.04921987090075253, -0.06364295480974524, -0.08429981003812692, -0.10941820137571523, -0.08550414814679663, -0.07466936734830942, -0.06344255036086555]}