{"0": [0.0, 0.19638077642834045, 0.19580370680628156, 0.18715284219342407, 0.17123891164649988, 0.14921856318394947, 0.12251756982621279, 0.09273992357122397], "1": [0.0, 0.19580370680628156, 0.18715284219342407, 0.17123891164649988, 0.14921856318394947, 0.12251756982621279, 0.09273992357122397, 0.06156857936517699], "2": [0.0, 0.18715284219342407, 0.17123891164649988, 0.14921856318394947, 0.12251756982621279, 0.09273992357122397, 0.06156857936517699, 0.03066406654343558], "3": [0.0, 0.17123891164649988, 0.14921856318394947, 0.12251756982621279, 0.09273992357122397, 0.06156857936517699, 0.03066406654343558, 0.0015672492592983334], "4": [0.0, 0.14921856318394947, 0.12251756982621279, 0.09273992357122397, 0.06156857936517699, 0.03066406654343558, 0.0015672492592983334, -0.024387812209054113], "5": [0.0, 0.12251756982621279, 0.09273992357122397, 0.06156857936517699, 0.03066406654343558, 0.0015672492592983334, -0.024387812209054113, -0.04614564819046974], "6": [0.0, 0.09273992357122397, 0.06156857936517699, 0.03066406654343558, 0.0015672492592983334, -0.024387812209054113, -0.04614564819046974, -0.06298158948467678], "7": [0.0, 0.06156857936517699, 0.03066406654343558, 0.0015672492592983334, -0.024387812209054113, -0.04614564819046974, -0.06298158948467678, -0.07453146079100113], "8": [0.0, 0.03066406654343558, 0.0015672492592983334, -0.024387812209054113, -0.04614564819046974, -0.06298158948467678, -0.07453146079100113, -0.08079728025744477], "9": [0.0, 0.0015672492592983334, -0.024387812209054113, -0.04614564819046974, -0.06298158948467678, -0.07453146079100113, -0.08079728025744477, -0.08212903328537333], "10": [0.0, -0.024387812209054113, -0.04614564819046974, -0.06298158948467678, -0.07453146079100113, -0.08079728025744477, -0.08212903328537333, -0.07918411940917047], "11": [0.0, -0.04614564819046974, -0.06298158948467678, -0.07453146079100113, -0.08079728025744477, -0.08212903328537333, -0.07918411940917047, -0.07286748971002947], "12": [0.0, -0.06298158948467678, -0.07453146079100113, -0.08079728025744477, -0.08212903328537333, -0.07918411940917047, -0.07286748971002947, -0.06425670901755604], "13": [0.0, -0.07453146079100113, -0.08079728025744477, -0.08212903328537333, -0.07918411940917047, -0.07286748971002947, -0.06425670901755604, -0.05451711532853965], "14": [0.0, -0.08079728025744477, -0.08212903328537333, -0.07918411940917047, -0.07286748971002947, -0.06425670901755604, -0.05451711532853965, -0.04481284952652811], "15": [0.0, -0.08212903328537333, -0.07918411940917047, -0.07286748971002947, -0.06425670901755604, -0.05451711532853965, -0.04481284952652811, -0.036219754299747685], "16": [0.0, -0.07918411940917047, -0.07286748971002947, -0.06425670901755604, -0.05451711532853965, -0.04481284952652811, -0.036219754299747685, -0.029645978734397588], "17": [0.0, -0.07286748971002947, -0.06425670901755604, -0.05451711532853965, -0.04481284952652811, -0.036219754299747685, -0.029645978734397588, -0.025765585759832458], "18": [0.0, -0.06425670901755604, -0.05451711532853965, -0.04481284952652811, -0.036219754299747685, -0.029645978734397588, -0.025765585759832458, -0.024969578801937693], "19": [0.0, -0.05451711532853965, -0.04481284952652811, -0.036219754299747685, -0.029645978734397588, -0.025765585759832458, -0.024969578801937693, -0.02733759875992509], "20": [0.0, -0.04481284952652811, -0.036219754299747685, -0.029645978734397588, -0.025765585759832458, -0.024969578801937693, -0.02733759875992509, -0.03263216795727079], "21": [0.0, -0.036219754299747685, -0.029645978734397588, -0.025765585759832458, -0.024969578801937693, -0.02733759875992509, -0.03263216795727079, -0.04031586253534413], "22": [0.0, -0.029645978734397588, -0.025765585759832458, -0.024969578801937693, -0.02733759875992509, -0.03263216795727079, -0.04031586253534413, -0.049590275042138], "23": [0.0, -0.025765585759832458, -0.024969578801937693, -0.02733759875992509, -0.03263216795727079, -0.04031586253534413, -0.049590275042138, -0.059454182462633266], "24": [0.0, -0.024969578801937693, -0.02733759875992509, -0.03263216795727079, -0.04031586253534413, -0.049590275042138, -0.059454182462633266, -0.06877705472919587], "25": [0.0, -0.02733759875992509, -0.03263216795727079, -0.04031586253534413, -0.049590275042138, -0.059454182462633266, -0.06877705472919587, -0.07638300735133713], "26": [0.0, -0.03263216795727079, -0.04031586253534413, -0.049590275042138, -0.059454182462633266, -0.06877705472919587, -0.07638300735133713, -0.08113958589475498], "27": [0.0, -0.04031586253534413, -0.049590275042138, -0.059454182462633266, -0.06877705472919587, -0.07638300735133713, -0.08113958589475498, -0.08204541622377398], "28": [0.0, -0.049590275042138, -0.059454182462633266, -0.06877705472919587, -0.07638300735133713, -0.08113958589475498, -0.08204541622377398, -0.07831078624637486], "29": [0.0, -0.059454182462633266, -0.06877705472919587, -0.07638300735133713, -0.08113958589475498, -0.08204541622377398, -0.07831078624637486, -0.06942564134225855]}