{"0": [0.1899400260866715, 0.20687240431199982, 0.1970731743898284, 0.1879037956449663, 0.1558299032362107, 0.14389607340109567, 0.1204913405900061, 0.07707629256150073], "1": [0.1905510502965697, 0.19727712618509452, 0.17631205221750434, 0.17225052306166133, 0.13924958248845476, 0.11525499966757735, 0.07166131851379576, 0.05983569867550753], "2": [0.20094968949745673, 0.19299586992100615, 0.1712355917298798, 0.14187548157994478, 0.12371534584255106, 0.08670861058929868, 0.06264095799757485, 0.048619152239561814], "3": [0.18057982452383126, 0.18505439492549192, 0.14814125289156888, 0.11585902811473603, 0.09614807090538413, 0.05923463376300897, 0.02180172707470751, -0.006400043691471957], "4": [0.18322344107964628, 0.1657580113095165, 0.10117250991066928, 0.07126029500405218, 0.0704582823566382, 0.03580765153241816, 0.014200477257973576, -0.03880974177965957], "5": [0.12976386848942179, 0.1142483793315352, 0.08128949701840416, 0.05522807127549467, 0.029804412362153476, -0.001800000972001392, -0.02180172707470751, -0.059034283564020074], "6": [0.11928266483173178, 0.0881139762997194, 0.0640437713941937, 0.022601924304985532, 0.004000010666743492, -0.024002304597401602, -0.042412714459250545, -0.07085928297348842], "7": [0.07486992770386935, 0.05843324716881049, 0.031205064106635705, -0.001800000972001392, -0.037809007484817636, -0.029204151107594, -0.07206235356820345, -0.07306499214201922], "8": [0.05362569834686104, 0.037809007484817414, 0.0060000360005829645, -0.024002304597401602, -0.06965631510229087, -0.06444459828188176, -0.06785205203775102, -0.07547162690709164], "9": [0.05522807127549467, -0.02620299838095308, -0.02300202831621112, -0.031205064106635483, -0.05923463376300919, -0.06885439271760374, -0.09534438988839877, -0.07988493855929435], "10": [0.007000057167927176, -0.0364080428870166, -0.035407397816551445, -0.06825298006008906, -0.07888177936387608, -0.07166131851379576, -0.08490196366231895, -0.08189149968482967], "11": [-0.017000818939840956, -0.05823290641057666, -0.04561581794151248, -0.07085928297348842, -0.08811397629971918, -0.0662484485275241, -0.08751165550742779, -0.06464501560981395], "12": [-0.04201235781214674, -0.06584757446822298, -0.08610636371470659, -0.07848053801442112, -0.09172858197040479, -0.07767809323137764, -0.08209217383954837, -0.05542837778801801], "13": [-0.07206235356820345, -0.08510268838387325, -0.08871632914360883, -0.08831475700868241, -0.0704582823566382, -0.07928303343968324, -0.07446881000183381, -0.06083752173586343], "14": [-0.08429981003812692, -0.08751165550742779, -0.07667510766659436, -0.09353633261929195, -0.07126029500405195, -0.05803256799222112, -0.04701732105685985, -0.045415610594175204], "15": [-0.07326552865450409, -0.06865391907100471, -0.06524628322778048, -0.06985680268890593, -0.06985680268890593, -0.07326552865450409, -0.027803582071239008, -0.05983569867550753], "16": [-0.07988493855929435, -0.07005729308805053, -0.061438644853595736, -0.054026278497269375, -0.05723123755515114, -0.02180172707470751, -0.031004967315082066, -0.03480702786263423], "17": [-0.08550414814679641, -0.06244056622408811, -0.06344255036086555, -0.05863359027504611, -0.041011495531252606, -0.04181218201930936, -0.03140516214801359, -0.02300202831621112], "18": [-0.08429981003812692, -0.06264095799757463, -0.07005729308805053, -0.05522807127549423, -0.035407397816551445, -0.016200708671695763, -0.009400138436171268, -0.0280036599580471], "19": [-0.07547162690709164, -0.05222373522314183, -0.04841891659842901, -0.0340065540766703, -0.028803982798750738, -0.02220182391253256, -0.016800790372387908, -0.022001775053300587], "20": [-0.04081132803975218, -0.05963534131062498, -0.036808311071163224, -0.03580765153241838, -0.027403429629465847, -0.027603505297721265, -0.03800915128108384, -0.0364080428870166], "21": [-0.04821868290011877, -0.041011495531252606, -0.015000562556960695, -0.01960125513965738, -0.0340065540766703, -0.027603505297721265, -0.03160526144725173, -0.047818221299630315], "22": [-0.021001543806387968, -0.04141183545474769, -0.010600198512703773, -0.02620299838095308, -0.023802247451584657, -0.0514226597407752, -0.049620359870572894, -0.03700844737170539], "23": [-0.02620299838095308, -0.027403429629465847, -0.034406788212759665, -0.01960125513965738, -0.013200383358059176, -0.04661688228527838, -0.054426867325607864, -0.04341363597838055], "24": [-0.014600518739093404, -0.034406788212759665, -0.032005463851450866, -0.036808311071163224, -0.0346069073444526, -0.036808311071163224, -0.046216450994050584, -0.05883393573740747], "25": [-0.03900989327294768, -0.012400317792655935, -0.04761799338128525, -0.05622962618164573, -0.032205566972485, -0.04281307790869038, -0.08711012600858759, -0.07126029500405195], "26": [-0.047818221299630315, -0.04121166466689741, -0.03340621307014602, -0.04601623813337419, -0.0642441835460581, -0.0750704910767166, -0.09876046723058951, -0.07868115710246726], "27": [-0.027603505297721265, -0.050421361771062045, -0.04061116218433458, -0.050421361771062045, -0.05422657182264401, -0.06945583032002789, -0.08931871426280025, -0.07647451985999854], "28": [-0.03480702786263423, -0.04281307790869038, -0.07888177936387608, -0.06244056622408811, -0.07928303343968324, -0.0774774898867936, -0.07727688966624058, -0.05703091071436983], "29": [-0.041612007902864345, -0.04861915223956226, -0.0676515921268781, -0.08309559447852077, -0.08530341654261075, -0.08670861058929846, -0.0692553483339422, -0.07126029500405195]}