{"0": [0.0028000036586797172, 0.013200383358059176, 0.20237864803057826, 0.20013332866777223, 0.1716415428267304, 0.14167345460714142, 0.04401420971632253, 0.03340621307014602], "1": [0.011400246938441772, 0.010600198512703773, 0.20033740617957885, 0.17407785191179848, 0.14288570406857448, 0.1212972225973925, 0.03800915128108384, 0.013600419277564724], "2": [0.010200176876281164, -0.002000001333335888, 0.18729308061550154, 0.14106740858106348, 0.12613419642485657, 0.08510268838387325, 0.04121166466689785, 0.02560279702762247], "3": [0.014600518739093182, 0.011600260165087528, 0.1657580113095165, 0.11283930593892477, 0.09313458396835417, 0.051022134417028076, 0.035207273090639646, 0.031004967315082288], "4": [0.025802863109693153, 0.007600073164568455, 0.1271422690221744, 0.09192942820039551, 0.07386715593489623, 0.02380224745158488, 0.005600029269746454, 0.017800940092709494], "5": [0.005800032519158949, 0.015000562556960917, 0.10660178805264908, 0.06083752173586321, 0.03700844737170539, 0.008200091897447415, -0.012400317792655935, 0.026202998380952636], "6": [-0.0078000790941654685, 0.009400138436171268, 0.06544671100566868, 0.05362569834686104, 0.009600147462115682, -0.044014209716322306, -0.013400401049739719, 0.019201179843732374], "7": [0.001600000682667524, -0.015000562556960695, 0.027803582071239008, -0.0022000017746706124, -0.033005992437058485, -0.033005992437058485, -0.010800209963020668, 0.016400735246325127], "8": [0.017200848187589157, -0.005600029269746232, -0.0014000004573340163, -0.018801107621507107, -0.05542837778801801, -0.06163902415523426, -0.007600073164568455, 0.02900406637244002], "9": [-0.014000457373674724, 0.008200091897447415, -0.034406788212759665, -0.032605777092608035, -0.06404377139419393, -0.08891712058614476, -0.012000288018663818, 0.035207273090639646], "10": [0.019801293960290733, -0.00020000000133335583, -0.051622925494863914, -0.05422657182264401, -0.0774774898867936, -0.0782799220915118, -0.007600073164568455, 0.016400735246325127], "11": [0.03340621307014602, -0.006200039722020101, -0.07085928297348842, -0.04801845113654735, -0.0790824048068719, -0.09353633261929195, -0.022601924304985754, 0.01480054035192957], "12": [0.011400246938441772, -0.0010000001666665703, -0.06103789365204637, -0.08992113188110396, -0.07848053801442112, -0.08891712058614476, -0.007000057167927176, 0.011400246938441772], "13": [0.015200585362194152, -0.012400317792655935, -0.08771242555737402, -0.06444459828188176, -0.09072440631338274, -0.06504585807461072, 0.010000166674167144, 0.02320208169891025], "14": [0.0006000000360000257, -0.021201588342593336, -0.08771242555737402, -0.08028622473899172, -0.08349698615859724, -0.06464501560981395, -0.013400401049739719, 0.026603137848533187], "15": [0.00980015687211333, 0.008200091897447415, -0.0692553483339422, -0.0674511349386464, -0.06604801016920137, -0.05783223190562237, -0.004400014197456947, 0.005600029269746454], "16": [0.005800032519158949, -0.008800113582624558, -0.08289490367451657, -0.05983569867550753, -0.047818221299630315, -0.04121166466689741, -0.0004000000106665347, 0.012600333419820586], "17": [0.017000818939840956, -0.01380043804954112, -0.07787869970821215, -0.04701732105685985, -0.04261289532964585, -0.05082187483117906, -0.019401217103475643, 0.02180172707470751], "18": [0.009400138436171268, 0.01340040104973994, -0.04801845113654735, -0.03720858515529146, -0.028803982798750738, -0.045215405068466774, 0.016800790372387908, 0.012200302661605544], "19": [-0.0024000023040058327, 0.018201004911130525, -0.047818221299630315, -0.02960432409441993, -0.039610357166428356, -0.034406788212759665, -0.008000085335790885, 0.003800009145393135], "20": [0.016000682745321848, -0.0022000017746706124, -0.027203355058446288, -0.013200383358059176, -0.020601457247629185, -0.039610357166428356, -0.005000020833567653, 0.017200848187589157], "21": [0.01800097214174512, -0.013600419277564946, -0.03600778053846465, -0.03320610208850239, -0.02180172707470751, -0.030404684359021994, -0.002000001333335888, 0.020601457247629407], "22": [-0.002000001333335888, -0.005600029269746232, -0.04661688228527838, -0.018201004911130525, -0.02360219125857732, -0.02420236270404863, 0.008400098787136656, 0.04141183545474725], "23": [0.01760090875601228, -0.004600016222821024, -0.03160526144725173, -0.013200383358059176, -0.04001067435398897, -0.015200585362194374, 0.005400026244344547, 0.014600518739093182], "24": [-0.014000457373674724, 0.009600147462115682, -0.02300202831621112, -0.029804412362153254, -0.043613825472686996, -0.05803256799222112, -0.022601924304985754, 0.011800273855826493], "25": [-0.0032000054613587903, 0.011600260165087528, -0.017400878123642993, -0.041612007902864345, -0.041011495531252606, -0.04281307790869038, -0.013000366194515944, 0.02760350529772082], "26": [0.012600333419820586, 0.0008000000853334299, -0.061438644853595736, -0.028403819103647088, -0.05262428551131504, -0.0662484485275241, -0.010000166674166922, 0.021001543806387968], "27": [0.006400043691471957, -0.019001143352413985, -0.04481499944964251, -0.033005992437058485, -0.07126029500405195, -0.08409909898268353, -0.014000457373674724, 0.014600518739093182], "28": [0.006600047916939467, 0.008400098787136656, -0.050421361771062045, -0.05823290641057666, -0.0963490008730441, -0.0662484485275241, -0.017200848187589157, 0.027403429629465847], "29": [0.0036000077760454108, 0.004000010666743492, -0.06684977962814975, -0.0674511349386464, -0.08269421621686623, -0.08751165550742779, -0.010400187486458767, 0.02300202831621112]}